<?xml version="1.0" encoding="UTF-8"?>
<COLLADA xmlns="http://www.collada.org/2005/11/COLLADASchema" version="1.4.1">
    <asset>
        <contributor>
            <author>VCGLab</author>
            <authoring_tool>VCGLib | MeshLab</authoring_tool>
        </contributor>
        <up_axis>Y_UP</up_axis>
        <created>ons. apr. 29 08:53:25 2026</created>
        <modified>ons. apr. 29 08:53:25 2026</modified>
    </asset>
    <library_images/>
    <library_materials/>
    <library_effects/>
    <library_geometries>
        <geometry id="shape0-lib" name="shape0">
            <mesh>
                <source id="shape0-lib-positions" name="position">
                    <float_array id="shape0-lib-positions-array" count="5829">1.33416e-15 0.0125733 0.00747973 0.0325 0.00941236 0.000531164 0.0325 0.0104049 0.0012539 0.0325 0.0117229 0.00313898 0.01625 0.0113655 0.00245204 -0.0325 0.0104049 0.0012539 -0.0325 0.0111393 0.00210255 -0.0325 0.012156 0.00436316 -0.0325 0.012499 0.00628749 -0.01625 0.0113655 0.00245204 0.0249536 0.000972272 1.27498e-10 0.0253095 0.000355876 4.66675e-11 0.0325 0.00809138 1.06106e-09 0.0365457 -0.00700734 -9.18902e-10 0.0403157 -0.0020942 -2.74622e-10 0.0405914 -8.80526e-16 9.01298e-18 0.0403157 0.0020942 2.74622e-10 0.0395073 0.00404569 5.30528e-10 0.0365457 0.00700734 9.18902e-10 0.0239813 0.001375 1.80309e-10 0.0236254 0.00132815 1.74166e-10 0.0253563 -7.38316e-25 5.63023e-18 0.0345942 -0.00781567 -1.0249e-09 0.0249536 -0.000972272 -1.27498e-10 0.0325 -0.00809138 -1.06106e-09 0.0243372 -0.00132815 -1.74166e-10 0.0236254 -0.00132815 -1.74166e-10 0.023009 0.000972272 1.27498e-10 -0.0277177 0.00119078 1.56153e-10 0.0226532 0.000355876 4.66675e-11 -0.027077 0.000355876 4.66675e-11 0.0226532 -0.000355876 -4.66675e-11 -0.027077 -0.000355876 -4.66675e-11 -0.0270302 7.87055e-25 -6.0019e-18 -0.028761 0.00132815 1.74166e-10 -0.0274329 -0.000972272 -1.27498e-10 0.023009 -0.000972272 -1.27498e-10 -0.0325 0.00809138 1.06106e-09 -0.0297333 0.000355876 4.66675e-11 -0.0325 -0.00809138 -1.06106e-09 0.0232938 -0.00119078 -1.56153e-10 -0.0280493 -0.00132815 -1.74166e-10 -0.0284052 -0.001375 -1.80309e-10 -0.0290927 -0.00119078 -1.56153e-10 -0.028761 -0.00132815 -1.74166e-10 -0.0405914 -3.87558e-18 -9.0131e-18 -0.0297802 7e-18 -6.61252e-18 -0.0345942 -0.00781567 -1.0249e-09 -0.0297333 -0.000355876 -4.66675e-11 0.0325 -0.00941236 0.000531162 0.0325 -0.0111393 0.00210255 0.0325 -0.0104049 0.00125389 0.0395073 -0.00404569 -5.30528e-10 0.0382215 -0.00572147 -7.5028e-10 0.0383614 -0.0101524 0.00313897 0.0377025 -0.00901094 0.0012539 0.0426523 -0.00586146 0.00313897 0.0415109 -0.00520247 0.0012539 0.0387495 -0.0108245 0.00628749 0.0433245 -0.00624951 0.00628749 0.0415109 0.00520247 0.0012539 0.0429049 -1.6443e-10 0.0012539 0.0381798 -0.00983769 0.0166473 0.044999 -8.24506e-10 0.00628749 0.0377025 0.00901094 0.0012539 0.0345942 0.00781567 1.0249e-09 0.0382215 0.00572147 7.5028e-10 0.0423377 -0.00567979 0.0166473 0.0442229 -4.11628e-10 0.00313897 0.0325 0.0111393 0.00210255 0.0426523 0.00586146 0.00313898 0.0438596 -2.18304e-09 0.0166473 0.0412898 -3.31272e-09 0.0252621 0.0325 0.012499 0.00628749 0.0387495 0.0108245 0.00628749 0.0383614 0.0101524 0.00313898 0.0325 0.012156 0.00436316 0.0409903 0.00227498 0.0252621 0.0381798 0.00983768 0.0166473 0.0325 0.0113596 0.0166473 0.034775 0.00849035 0.0252621 0.0433245 0.00624951 0.00628749 0.0325 0.0125115 0.00979987 0.0387154 0.00621537 0.0252621 0.0423377 0.00567979 0.0166473 0.0401122 -0.00439493 0.0252621 0.0371282 -0.00462824 0.0252621 0.0387154 -0.00621537 0.0252621 0.0357726 -0.00566841 0.0252621 0.034775 -0.00849035 0.0252621 0.0368949 -0.00761224 0.0252621 0.0409903 -0.00227499 0.0252621 0.0390453 -3.31272e-09 0.0252621 0.0388223 0.00169405 0.0252621 0.0325 -0.00878986 0.0252621 0.0401122 0.00439493 0.0252621 0.0381684 0.00327265 0.0252621 0.0357726 0.00566841 0.0252621 0.0371282 0.00462823 0.0252621 0.0368949 0.00761224 0.0252621 0.0225383 -0.00290887 0.0252621 0.0204089 -0.00503831 0.0252621 0.0231195 -0.00150574 0.0252621 0.0261777 -0.00169406 0.0252621 0.0325 0.00878986 0.0252621 0.0308059 0.00632229 0.0252621 0.0325 0.00654531 0.0252621 0.034194 0.00632229 0.0252621 0.0175 -0.00581773 0.0252621 0.0190057 -0.0056195 0.0252621 0.0259547 -3.31272e-09 0.0252621 0.0231195 0.00150574 0.0252621 0.0268316 0.00327265 0.0252621 0.0204089 0.0050383 0.0252621 0.0216138 0.00411375 0.0252621 0.0278718 0.00462823 0.0252621 -0.00697916 -0.00452084 0.0252621 0.0145911 -0.00503831 0.0252621 0.0118805 -0.00150574 0.0252621 -0.00510657 -3.31272e-09 0.0252621 0.0118805 0.00150574 0.0252621 -0.00596313 0.00319671 0.0252621 -0.00697916 0.00452083 0.0252621 0.0145911 0.0050383 0.0252621 0.0159943 0.00561949 0.0252621 -0.0115 -0.00639343 0.0252621 -0.0170369 -0.00319672 0.0252621 -0.0274617 -0.00290887 0.0252621 -0.0295911 -0.00503831 0.0252621 -0.0268805 -0.00150574 0.0252621 -0.0176756 -0.00165474 0.0252621 -0.0266823 -3.31272e-09 0.0252621 -0.0178934 -3.31272e-09 0.0252621 -0.0309943 -0.0056195 0.0252621 -0.0268805 0.00150574 0.0252621 -0.0170369 0.00319671 0.0252621 -0.034775 -0.00849035 0.0252621 -0.0387154 -0.00621537 0.0252621 -0.0368949 -0.00761224 0.0252621 -0.0295911 0.0050383 0.0252621 -0.0160208 0.00452083 0.0252621 -0.0412898 -3.31272e-09 0.0252621 -0.0381195 0.00150574 0.0252621 -0.0340057 0.00561949 0.0252621 -0.0325 0.00878986 0.0252621 -0.0131547 0.00617557 0.0252621 -0.034775 0.00849035 0.0252621 -0.0375383 0.00290886 0.0252621 -0.0366137 0.00411375 0.0252621 -0.0401122 0.00439493 0.0252621 -0.0409903 0.00227498 0.0252621 -0.00984526 0.00617557 0.0252621 -0.00984526 -0.00617558 0.0252621 0.0159943 -0.0056195 0.0252621 -0.0345942 0.00781567 1.0249e-09 -0.0325 -0.0113596 0.0166473 -0.0377025 0.00901094 0.0012539 -0.0365457 0.00700734 9.18902e-10 -0.0325 0.00941236 0.000531164 -0.0383614 0.0101524 0.00313898 -0.0325 0.0117229 0.00313898 -0.0415109 0.00520247 0.0012539 -0.0395073 0.00404569 5.30528e-10 -0.0382215 0.00572147 7.5028e-10 -0.0325 0.0125115 0.00979987 -0.0403157 0.0020942 2.74622e-10 -0.0403157 -0.0020942 -2.74622e-10 -0.0426523 0.00586146 0.00313898 -0.0395073 -0.00404569 -5.30528e-10 -0.0429049 -1.64429e-10 0.0012539 -0.0368949 0.00761224 0.0252621 -0.0325 0.0113596 0.0166473 -0.0442229 -4.11627e-10 0.00313897 -0.0365457 -0.00700734 -9.18902e-10 -0.0377025 -0.00901094 0.0012539 -0.0325 -0.0104049 0.00125389 -0.0325 -0.0111393 0.00210255 -0.0382215 -0.00572147 -7.5028e-10 -0.0415109 -0.00520247 0.0012539 -0.0381798 0.00983768 0.0166473 -0.0387154 0.00621537 0.0252621 -0.0387495 0.0108245 0.00628749 -0.0433245 -0.00624951 0.00628749 -0.0383614 -0.0101524 0.00313897 -0.0423377 0.00567979 0.0166473 -0.0438596 -2.18303e-09 0.0166473 -0.0409903 -0.00227499 0.0252621 -0.0433245 0.00624951 0.00628749 -0.0426523 -0.00586146 0.00313897 -0.044999 -8.24505e-10 0.00628749 -0.0401122 -0.00439493 0.0252621 -0.0423377 -0.00567979 0.0166473 -0.0381798 -0.00983769 0.0166473 -0.0387495 -0.0108245 0.00628749 -0.0325 -0.0125115 0.00979986 -0.0325 -0.0117229 0.00313897 -0.0325 -0.012156 0.00436316 -0.0325 -0.012499 0.00628749 -0.026 -0.0125569 0.00904481 0.026 -0.0125257 0.00658432 0.0325 -0.012156 0.00436316 0.0325 -0.012499 0.00628749 0.026 -0.0125569 0.00904481 0.0325 -0.0125115 0.00979986 0.0325 -0.0113596 0.0166473 0.026 -0.012 0.0136444 -0.0325 -0.00878986 0.0252621 -0.0325 -0.00941236 0.000531162 -0.02925 -0.0107007 0.00155318 -0.026 -0.012192 0.0045 0.0325 -0.0117229 0.00313897 0.02925 -0.0107007 0.00155318 -0.00325 -0.0107007 0.00155318 0.026 -0.012192 0.0045 0.0253095 -0.000355876 -4.66675e-11 0.0253095 -0.000355877 0.003 0.0251721 -0.0006875 -9.01547e-11 0.0246688 -0.00119078 -1.56153e-10 0.0246688 -0.00119079 0.003 0.0243372 -0.00132815 0.003 0.0249536 -0.000972272 0.003 0.0239813 -0.001375 -1.80309e-10 0.0232938 -0.00119079 0.003 0.0236254 -0.00132815 0.003 0.023009 -0.000972272 0.003 0.0227905 -0.0006875 -9.01547e-11 0.0226063 -5e-18 5.01961e-18 0.0226532 0.000355876 0.003 0.0227905 0.0006875 9.01547e-11 0.0227905 0.0006875 0.003 0.0232938 0.00119078 1.56153e-10 0.023009 0.000972271 0.003 0.0232938 0.00119078 0.003 0.0243372 0.00132815 1.74166e-10 0.0239813 0.001375 0.003 0.0246688 0.00119078 1.56153e-10 0.0246688 0.00119078 0.003 0.0249536 0.000972271 0.003 0.0251721 0.0006875 0.003 0.0251721 0.0006875 9.01547e-11 -0.0272144 -0.0006875 -9.01547e-11 -0.0274329 -0.000972272 0.003 -0.0277177 -0.00119078 -1.56153e-10 -0.0284052 -0.001375 0.003 -0.028761 -0.00132815 0.003 -0.0293774 -0.000972272 0.003 -0.0295959 -0.0006875 -9.01547e-11 -0.0293774 -0.000972272 -1.27498e-10 -0.0297333 -0.000355877 0.003 -0.0297333 0.000355876 0.003 -0.0295959 0.0006875 9.01547e-11 -0.0295959 0.0006875 0.003 -0.0293774 0.000972272 1.27498e-10 -0.0290927 0.00119078 1.56153e-10 -0.0290927 0.00119078 0.003 -0.0284052 0.001375 1.80309e-10 -0.0280493 0.00132815 0.003 -0.0280493 0.00132815 1.74166e-10 -0.0274329 0.000972272 1.27498e-10 -0.0274329 0.000972271 0.003 -0.0272144 0.0006875 9.01547e-11 -0.027077 0.000355876 0.003 0.0390453 -3.21279e-09 0.0245 0.0357726 0.00566841 0.0245 0.0371282 0.00462823 0.0245 0.0325 0.00654531 0.0245 0.0308059 0.00632229 0.0245 0.0292273 0.00566841 0.0252621 0.0292273 0.00566841 0.0245 0.0268316 0.00327266 0.0245 0.0261777 0.00169405 0.0245 0.0261777 0.00169405 0.0252621 0.0259547 -3.21279e-09 0.0245 0.0268316 -0.00327266 0.0252621 0.0268316 -0.00327266 0.0245 0.0278718 -0.00462824 0.0252621 0.0292273 -0.00566841 0.0252621 0.0292273 -0.00566841 0.0245 0.0308059 -0.00632229 0.0252621 0.0308059 -0.00632229 0.0245 0.0325 -0.00654532 0.0252621 0.0325 -0.00654532 0.0245 0.034194 -0.00632229 0.0252621 0.034194 -0.00632229 0.0245 0.0357726 -0.00566841 0.0245 0.0381684 -0.00327266 0.0252621 0.0371282 -0.00462824 0.0245 0.0388223 -0.00169406 0.0252621 0.0388223 -0.00169406 0.0245 0.0231195 0.00150574 0.0245 0.0225383 0.00290886 0.0252621 0.0204089 0.0050383 0.0245 0.0175 0.00581773 0.0252621 0.0190057 0.00561949 0.0252621 0.0159943 0.00561949 0.0245 0.0133862 0.00411375 0.0252621 0.0124617 0.00290886 0.0252621 0.0124617 0.00290886 0.0245 0.0118805 0.00150574 0.0245 0.0116823 -3.31272e-09 0.0252621 0.0124617 -0.00290887 0.0252621 0.0124617 -0.00290887 0.0245 0.0133862 -0.00411376 0.0252621 0.0159943 -0.0056195 0.0245 0.0175 -0.00581773 0.0245 0.0216138 -0.00411376 0.0252621 0.0231195 -0.00150574 0.0245 0.0233177 -3.31272e-09 0.0252621 -0.00510657 -3.21279e-09 0.0245 -0.00532442 0.00165474 0.0252621 -0.00532442 0.00165474 0.0245 -0.00697916 0.00452083 0.0245 -0.00830328 0.00553687 0.0252621 -0.0115 0.00639342 0.0252621 -0.0115 0.00639342 0.0245 -0.0131547 0.00617557 0.0245 -0.0146967 0.00553687 0.0252621 -0.0176756 0.00165474 0.0252621 -0.0176756 0.00165474 0.0245 -0.0178934 -3.21279e-09 0.0245 -0.0160208 -0.00452084 0.0252621 -0.0170369 -0.00319672 0.0245 -0.0146967 -0.00553687 0.0252621 -0.0131547 -0.00617558 0.0252621 -0.0146967 -0.00553687 0.0245 -0.0131547 -0.00617558 0.0245 -0.00984526 -0.00617558 0.0245 -0.00697916 -0.00452084 0.0245 -0.00830328 -0.00553687 0.0252621 -0.00532442 -0.00165474 0.0245 -0.00596313 -0.00319672 0.0252621 -0.00532442 -0.00165474 0.0252621 -0.0266823 -3.21279e-09 0.0245 -0.0268805 0.00150574 0.0245 -0.0274617 0.00290886 0.0252621 -0.0274617 0.00290886 0.0245 -0.0295911 0.0050383 0.0245 -0.0283862 0.00411375 0.0252621 -0.0309943 0.00561949 0.0252621 -0.0309943 0.00561949 0.0245 -0.0325 0.00581773 0.0252621 -0.0354089 0.0050383 0.0245 -0.0354089 0.0050383 0.0252621 -0.0366137 0.00411375 0.0245 -0.0383177 -3.31272e-09 0.0252621 -0.0381195 -0.00150574 0.0252621 -0.0375383 -0.00290887 0.0252621 -0.0366137 -0.00411376 0.0252621 -0.0354089 -0.00503831 0.0252621 -0.0366137 -0.00411376 0.0245 -0.0340057 -0.0056195 0.0252621 -0.0354089 -0.00503831 0.0245 -0.0325 -0.00581773 0.0245 -0.0325 -0.00581773 0.0252621 -0.0283862 -0.00411376 0.0252621 -0.0274617 -0.00290887 0.0245 -0.026 -0.0125257 0.00658432 0.026 -0.012 0.016 -0.026 -0.012 0.0136444 0.0239813 -0.001375 0.003 0.0253563 -3.93402e-10 0.003 0.0253095 0.000355876 0.003 0.0226532 -0.000355877 0.003 0.0251721 -0.0006875 0.003 0.0227905 -0.0006875 0.003 0.0243372 0.00132815 0.003 0.0226063 -3.93402e-10 0.003 0.0236254 0.00132815 0.003 -0.0277177 -0.00119079 0.003 -0.027077 -0.000355877 0.003 -0.0280493 -0.00132815 0.003 -0.0290927 -0.00119079 0.003 -0.0295959 -0.0006875 0.003 -0.0272144 -0.0006875 0.003 -0.0284052 0.001375 0.003 -0.0277177 0.00119078 0.003 -0.028761 0.00132815 0.003 -0.0272144 0.0006875 0.003 -0.0270302 -3.93402e-10 0.003 -0.0297802 -3.93402e-10 0.003 -0.0293774 0.000972271 0.003 0.0388223 0.00169405 0.0245 0.0278718 -0.00462824 0.0245 0.0381684 -0.00327266 0.0245 0.0261777 -0.00169406 0.0245 0.034194 0.00632229 0.0245 0.0278718 0.00462823 0.0245 0.0381684 0.00327266 0.0245 0.0216138 -0.00411376 0.0245 0.0225383 -0.00290887 0.0245 0.0233177 -3.21279e-09 0.0245 0.0225383 0.00290886 0.0245 0.0216138 0.00411375 0.0245 0.0204089 -0.00503831 0.0245 0.0190057 0.00561949 0.0245 0.0190057 -0.0056195 0.0245 0.0175 0.00581773 0.0245 0.0145911 -0.00503831 0.0245 0.0145911 0.0050383 0.0245 0.0116823 -3.21279e-09 0.0245 0.0118805 -0.00150574 0.0245 0.0133862 -0.00411376 0.0245 0.0133862 0.00411375 0.0245 -0.0115 -0.00639343 0.0245 -0.00830328 -0.00553687 0.0245 -0.00596313 0.00319671 0.0245 -0.0160208 -0.00452084 0.0245 -0.0176756 -0.00165474 0.0245 -0.00984526 0.00617557 0.0245 -0.00830328 0.00553687 0.0245 -0.0170369 0.00319671 0.0245 -0.0160208 0.00452083 0.0245 -0.00596313 -0.00319672 0.0245 -0.0146967 0.00553687 0.0245 -0.0295911 -0.00503831 0.0245 -0.0283862 -0.00411376 0.0245 -0.0268805 -0.00150574 0.0245 -0.0283862 0.00411375 0.0245 -0.0309943 -0.0056195 0.0245 -0.0375383 -0.00290887 0.0245 -0.0325 0.00581773 0.0245 -0.0383177 -3.21279e-09 0.0245 -0.0381195 -0.00150574 0.0245 -0.0340057 0.00561949 0.0245 -0.0340057 -0.0056195 0.0245 -0.0381195 0.00150574 0.0245 -0.0375383 0.00290886 0.0245 -0.00181186 -0.013 0.00837998 -0.001913 -0.013 0.00852297 -0.000951884 -0.013 0.00761467 -0.026 -0.013 0.0045 -0.00225455 -0.013 0.00952561 -0.026 -0.013 0.016 0.000951864 -0.013 0.00761466 0.00136271 -0.013 0.00788644 0.00199233 -0.013 0.0086558 0.026 -0.013 0.0045 0.00226099 -0.013 0.00962661 0.00203371 -0.013 0.0107195 0.026 -0.013 0.016 0.00113636 -0.013 0.0117204 -0.000327882 -0.013 0.0119905 -0.026 -0.012 0.016 0.000448144 -0.0121082 0.00743609 0.00031231 -0.012338 0.00741122 0.000617754 -0.0123569 0.00748036 0.00160499 -0.0121909 0.00812721 0.00149065 -0.0124188 0.00800384 0.00209184 -0.0125015 0.00920885 0.00211139 -0.0125221 0.00955055 0.00192071 -0.0123356 0.0103783 0.000608954 -0.0124437 0.0115223 0.000220772 -0.0124676 0.0116004 0.000136361 -0.0127108 0.0116076 -0.000319221 -0.0127384 0.0115877 -0.000565032 -0.0125154 0.011535 -0.00116522 -0.0127935 0.0112615 -0.0015676 -0.0125874 0.0109153 -0.00151618 -0.012821 0.0109703 -0.00208581 -0.0126609 0.00983159 -0.0020579 -0.0127098 0.00902502 -0.00172948 -0.0127588 0.00828779 -0.00136273 -0.013 0.00788646 -0.00169944 -0.013 0.00824603 -3.6213e-11 -0.0128809 0.007388 -1.64047e-18 -0.013 0.007388 -0.000535443 -0.0128483 0.007457 -0.00048925 -0.013 0.00744545 -0.00196187 -0.0129674 0.00871795 -0.00207122 -0.013 0.00881451 -0.00218941 -0.013 0.00914992 -0.00205864 -0.0129477 0.00902824 -0.00210664 -0.0129281 0.0093497 -0.00209654 -0.0129036 0.00975503 -0.00225505 -0.013 0.009908 -0.00199294 -0.0128761 0.0101991 -0.00219142 -0.013 0.0102861 -0.00206591 -0.013 0.0106495 -0.00179643 -0.0128486 0.0106106 -0.00148406 -0.013 0.0114563 -0.00185869 -0.013 0.0110241 -0.000759941 -0.0127659 0.0114705 -0.000961301 -0.013 0.0118208 -0.000385655 -0.0129696 0.0119822 0.000585531 -0.0126833 0.0115292 0.000797328 -0.0129089 0.0118821 0.00100743 -0.0126558 0.0113562 0.00138236 -0.0126282 0.0110967 0.00184254 -0.0125841 0.0105323 0.00165158 -0.0126047 0.0108164 0.00198509 -0.0125634 0.0102211 0.0020755 -0.0125428 0.00989094 0.0025082 -0.012757 0.00963803 0.00201734 -0.0124808 0.00887479 0.00171275 -0.0124395 0.00826426 0.00188986 -0.0124601 0.00855715 0.00229147 -0.0126963 0.00847077 0.000935871 -0.0123775 0.00760667 0.00105391 -0.0126051 0.00721977 0.0012294 -0.0123982 0.0077827 0.000211837 -0.0129393 0.012003 0.0009613 -0.013 0.0118208 0.000327881 -0.013 0.0119905 0.00133766 -0.0128785 0.0116262 0.00180222 -0.0128481 0.0112499 0.00188862 -0.0129417 0.0111563 0.00216469 -0.0128177 0.0107745 0.00221539 -0.0129125 0.0106841 0.00240455 -0.0127874 0.0102268 0.00242641 -0.0128833 0.0101502 0.00246979 -0.0127266 0.00904141 0.00251065 -0.0128542 0.00958218 0.00228809 -0.0127958 0.00846328 0.00198336 -0.0126659 0.00795843 0.00111103 -0.0127083 0.00724705 0.0015629 -0.0126355 0.00753341 0.000539548 -0.0125776 0.00704662 0.000570415 -0.0126792 0.00705362 0.00130252 -0.013 0.0116063 0.00146318 -0.0129708 0.0115419 0.00183923 -0.013 0.0110524 0.00159326 -0.013 0.0113504 0.00217117 -0.013 0.0103603 0.00224741 -0.013 0.00998429 0.00218259 -0.013 0.00912464 0.00246373 -0.012825 0.00900993 0.0019929 -0.0127667 0.00797079 0.00169942 -0.013 0.008246 0.0015936 -0.0127375 0.0075582 0.0013323 -0.0129679 0.00786124 0.000880691 -0.0129357 0.00758038 2.24012e-12 -0.01265 0.006988 0.000255775 -0.0128964 0.00740354 0.000507783 -0.0129119 0.00744995 0.00048924 -0.013 0.00744545 0.000232153 -0.0115331 0.0074008 0.000339287 -0.0113015 0.00741543 0.000787221 -0.0115677 0.0075402 0.000461491 -0.0115471 0.00743903 0.00109242 -0.0115883 0.00769247 0.00136914 -0.0116089 0.00789189 0.00137217 -0.011371 0.00789448 0.00180915 -0.01165 0.00841026 0.00210255 -0.0114689 0.00930042 0.00210855 -0.0117118 0.0093794 0.00210195 -0.0114934 0.00970582 0.00210047 -0.0117324 0.00972037 0.00202388 -0.0115179 0.0101037 0.0020376 -0.011753 0.0100556 0.00192158 -0.0117735 0.0103764 0.00187124 -0.0115423 0.0104793 0.00164963 -0.0115668 0.0108188 0.00103453 -0.0116158 0.0113413 0.0012496 -0.0118385 0.0112027 0.000663677 -0.0116402 0.011505 2.19449e-05 -0.0119177 0.0116119 -0.000686137 -0.0119612 0.0114974 -0.000537048 -0.0117137 0.0115426 -0.00126406 -0.0117626 0.011192 -0.00156405 -0.0117871 0.0109192 -0.00161669 -0.0120301 0.010859 -0.0018342 -0.012053 0.010547 -0.00208567 -0.0120989 0.00983245 -0.00199223 -0.012076 0.0102011 -0.00206629 -0.0121456 0.00906296 -0.00211091 -0.011885 0.00943225 -0.00205908 -0.0119095 0.00903018 -0.00194467 -0.0121701 0.00867609 -0.00103624 -0.0122538 0.00765969 -0.0014687 -0.011983 0.00798228 -0.00146911 -0.0122211 0.00798268 -0.00103591 -0.0120157 0.0076595 -0.000535439 -0.0120483 0.007457 -0.00123998 -0.0125843 0.00731537 -0.0014687 -0.012783 0.00798228 -0.00103592 -0.0128157 0.00765951 -0.00192923 -0.0127343 0.00864057 -0.00211074 -0.0126853 0.00942696 -0.00244233 -0.0124199 0.0100875 -0.00251139 -0.0124528 0.00944462 -0.00198403 -0.0126364 0.010224 -0.00221143 -0.0123871 0.0106915 -0.00180914 -0.0126119 0.0105897 -0.00127209 -0.0125633 0.0111859 -0.000747668 -0.0122885 0.0118982 -0.000934985 -0.0125393 0.0113938 -0.000110726 -0.0122556 0.0120096 -0.000175189 -0.0124915 0.0116047 0.000533552 -0.0122228 0.0119547 0.000975732 -0.0124198 0.0113731 0.00128626 -0.0123976 0.0111751 0.0020979 -0.0121242 0.0108817 0.0015401 -0.0123769 0.0109452 0.00175347 -0.0123562 0.0106772 0.00203743 -0.0123149 0.0100563 0.00210055 -0.0122942 0.00971957 0.00206084 -0.0122529 0.00903797 0.00210842 -0.0122735 0.00937715 0.00180577 -0.0122115 0.00840467 0.0022618 -0.0119927 0.00840711 0.00195907 -0.0122322 0.00871095 0.00190789 -0.0119598 0.00786596 0.00142757 -0.011927 0.00743307 0.00136199 -0.0121702 0.00788583 0.00108316 -0.0121495 0.00768691 0.000775855 -0.0121288 0.00753567 0.000225359 -0.0120946 0.00740006 4.48055e-12 -0.01185 0.006988 -3.62129e-11 -0.0123191 0.007388 -0.000535618 -0.0122864 0.00745705 -0.0012355 -0.0124845 0.00731283 -0.00175134 -0.0121946 0.0083196 -0.00211148 -0.0121219 0.00945305 -0.002511 -0.0123536 0.00942916 -0.00134678 -0.0120071 0.0111269 -0.00184978 -0.0122554 0.0111995 -0.00135683 -0.0122227 0.011614 -0.00103321 -0.0119841 0.011342 -0.000316821 -0.0119382 0.0115881 -0.000774678 -0.0121899 0.0118896 0.00042372 -0.0118933 0.0115691 0.000856483 -0.0118659 0.0114305 0.00111024 -0.0120917 0.0117533 0.000500774 -0.0121244 0.0119616 0.00175543 -0.0117941 0.0106743 0.0015435 -0.0118147 0.0109416 0.00164671 -0.012059 0.011397 0.00236677 -0.0119935 0.0103417 0.00207494 -0.0120262 0.0109159 0.00250302 -0.0119608 0.00971226 0.00206165 -0.0116912 0.00904157 0.00228375 -0.0118953 0.00845374 0.00196097 -0.0116706 0.00871568 0.00247472 -0.011928 0.00906883 0.00161014 -0.0116295 0.00813325 0.00194265 -0.0118626 0.00790743 0.00147384 -0.0118298 0.00746581 0.000908151 -0.0117971 0.0071579 -7.24257e-11 -0.0115191 0.007388 2.24009e-12 -0.01255 0.006988 -0.000641233 -0.0126171 0.00707121 -0.000638742 -0.0125173 0.00707056 -0.00175103 -0.0124518 0.00769888 -0.00215146 -0.0124191 0.00820332 -0.00175657 -0.0125514 0.00770428 -0.00215676 -0.0125185 0.00821216 -0.00241046 -0.0123863 0.008793 -0.00241405 -0.0124857 0.00880538 -0.00244648 -0.0123209 0.01007 -0.00222114 -0.0122881 0.0106733 -0.00183401 -0.0123542 0.0112166 -0.00133507 -0.0123213 0.0116278 -0.000141606 -0.0121572 0.012008 0.00114248 -0.0121899 0.0117372 0.00167571 -0.012157 0.0113714 0.00238109 -0.0120913 0.0103004 0.00250651 -0.0120584 0.00966602 0.00246585 -0.0120256 0.00902069 0.000432796 -0.011872 0.00702556 0.00085265 -0.0118941 0.00713713 0.000461953 -0.0117735 0.00703083 4.48042e-12 -0.01175 0.006988 0.000339224 -0.0105015 0.00741542 0.000492166 -0.010749 0.00744614 0.000842844 -0.0107713 0.00756347 0.00116769 -0.0107937 0.00774015 0.00170451 -0.0108386 0.00825293 0.00165357 -0.0105955 0.00818614 0.00202566 -0.0106444 0.00890229 0.00210254 -0.0106689 0.00930032 0.00210317 -0.0109307 0.00969288 0.00202391 -0.0107179 0.0101036 0.00187128 -0.0107423 0.0104792 0.00114931 -0.0110458 0.0112719 0.00136732 -0.0107913 0.0111096 0.000663747 -0.0108402 0.011505 0.0010346 -0.0108158 0.0113412 -0.000310814 -0.0111379 0.011589 -0.00053699 -0.0109137 0.0115426 -0.000681387 -0.0111609 0.0114991 -0.00102973 -0.0111839 0.011344 -0.00180639 -0.0110116 0.0105943 -0.00161547 -0.0112299 0.0108604 -0.0019822 -0.0110361 0.010229 -0.00208584 -0.011299 0.00983137 -0.00208497 -0.0110606 0.00983684 -0.00211091 -0.011085 0.00943228 -0.00173252 -0.0111585 0.00829215 -0.00146871 -0.011183 0.00798229 -0.00146893 -0.0114211 0.00798251 -7.24261e-11 -0.0120809 0.007388 -0.00175657 -0.0117514 0.00770428 -0.00123998 -0.0117843 0.00731537 -0.00215676 -0.0117185 0.00821216 -0.00173251 -0.0119585 0.00829213 -0.00193138 -0.011934 0.00864541 -0.00208497 -0.0118606 0.0098368 -0.00198221 -0.0118361 0.010229 -0.00221143 -0.0115871 0.0106915 -0.00180641 -0.0118116 0.0105943 -0.00133507 -0.0115213 0.0116278 -0.000917447 -0.0117382 0.0114023 -0.000747669 -0.0114885 0.0118982 -0.000110726 -0.0114556 0.0120096 -0.000136832 -0.0116892 0.0116076 0.000268374 -0.0116647 0.0115949 0.00114248 -0.0113899 0.0117372 0.00136726 -0.0115913 0.0111097 0.0020979 -0.0113242 0.0108817 0.00246585 -0.0112256 0.00902068 0.00202569 -0.0114444 0.00890239 0.00165365 -0.0113955 0.00818622 0.00226181 -0.0111927 0.00840711 0.00187419 -0.0114199 0.00852637 0.00104013 -0.0113465 0.00766188 0.000669765 -0.011322 0.00749701 -0.000535538 -0.0114864 0.00745702 -0.0010361 -0.0114538 0.00765961 -0.0012355 -0.0116845 0.00731283 -0.00194368 -0.0113702 0.00867377 -0.00174997 -0.0113947 0.00831756 -0.00175103 -0.0116518 0.00769888 -0.002511 -0.0115536 0.00942916 -0.00206575 -0.0113458 0.00906044 -0.00211143 -0.011322 0.00945096 -0.00241046 -0.0115863 0.008793 -0.00199227 -0.011276 0.010201 -0.00183376 -0.011253 0.0105478 -0.00222114 -0.0114881 0.0106733 -0.00134453 -0.0112069 0.0111287 -0.000774679 -0.0113899 0.0118896 6.98746e-05 -0.0111149 0.0116108 0.000448239 -0.0110918 0.0115639 0.000812009 -0.0110688 0.0114497 0.00207494 -0.0112262 0.0109159 0.00170179 -0.0109998 0.0107508 0.00144916 -0.0110228 0.0110364 0.00203421 -0.0109537 0.0100679 0.00189895 -0.0109767 0.0104244 0.00210358 -0.0109077 0.00931161 0.00247472 -0.011128 0.00906883 0.00190095 -0.0108617 0.00857971 0.00203543 -0.0108847 0.00893648 0.00145673 -0.010816 0.00797079 0.00194265 -0.0110626 0.00790743 0.000247795 -0.010734 0.00740259 -0.000638742 -0.0117173 0.00707056 -0.000641234 -0.0118171 0.00707121 -0.00215146 -0.0116191 0.00820332 -0.00251139 -0.0116528 0.00944462 -0.00241406 -0.0116857 0.00880537 -0.00244648 -0.0115209 0.01007 -0.00244233 -0.0116199 0.0100875 -0.00183401 -0.0115542 0.0112166 -0.00184978 -0.0114554 0.0111995 -0.00135683 -0.0114227 0.011614 -0.000141606 -0.0113572 0.012008 0.000500774 -0.0113244 0.0119616 0.000533553 -0.0114228 0.0119547 0.00111024 -0.0112917 0.0117533 0.00164672 -0.011259 0.011397 0.00167571 -0.011357 0.0113714 0.00236677 -0.0111935 0.0103417 0.00250302 -0.0111608 0.00971226 0.00238109 -0.0112913 0.0103004 0.00250651 -0.0112584 0.00966602 0.00228375 -0.0110953 0.00845374 0.0019079 -0.0111598 0.00786596 0.00147384 -0.0110298 0.0074658 0.00142757 -0.011127 0.00743307 0.000908151 -0.0109971 0.0071579 0.00085265 -0.0110941 0.00713712 0.000461954 -0.0109735 0.00703083 0.000432797 -0.011072 0.00702556 6.72098e-12 -0.01095 0.00698799 0.000179652 -0.00992991 0.00739565 0.000358001 -0.00994075 0.00741856 0.00103767 -0.00974635 0.00766049 0.0010142 -0.00998284 0.00764745 0.0016519 -0.0097953 0.00818403 0.0018729 -0.00981978 0.00852389 0.00210228 -0.00986874 0.00929765 0.0020497 -0.0100881 0.00899081 0.00210554 -0.0101091 0.00933498 0.00210221 -0.00989321 0.00970306 0.00204511 -0.0101512 0.0100273 0.00187252 -0.00994218 0.0104768 0.0017632 -0.0101933 0.0106626 0.00154787 -0.0102143 0.0109369 0.00136935 -0.00999114 0.0111079 0.00165135 -0.00996666 0.0108167 0.000428154 -0.0102931 0.0115681 -0.000134171 -0.010089 0.0116077 -0.00068161 -0.0103609 0.011499 -0.00134452 -0.0104069 0.0111287 -0.00156227 -0.010187 0.0109212 -0.00180504 -0.0102114 0.0105965 -0.0016154 -0.0104299 0.0108605 -0.00183367 -0.010453 0.010548 -0.00211099 -0.0102849 0.00943485 -0.00211144 -0.010522 0.00945135 -0.00208455 -0.0102604 0.00983939 -0.00205966 -0.0103094 0.00903272 -0.00194381 -0.0105702 0.00867407 -0.00173399 -0.0103583 0.00829425 -0.00175011 -0.0105947 0.00831778 -0.00146912 -0.0106211 0.00798269 -0.00103593 -0.0104157 0.00765951 -0.00103625 -0.0106538 0.00765969 -0.00053545 -0.0104483 0.007457 -0.000535444 -0.0112483 0.007457 -1.0864e-10 -0.0112809 0.007388 -0.00103592 -0.0112157 0.00765951 -0.00175657 -0.0109514 0.00770427 -0.00193139 -0.011134 0.00864543 -0.00205909 -0.0111095 0.0090302 -0.00244233 -0.0108199 0.0100875 -0.00156402 -0.0109871 0.0109193 -0.00126402 -0.0109626 0.011192 -0.000917397 -0.0109382 0.0114023 -0.000136768 -0.0108892 0.0116076 -0.000110726 -0.0106556 0.0120096 0.000533553 -0.0106228 0.0119547 0.000268442 -0.0108647 0.0115949 0.00164968 -0.0107668 0.0108187 0.0020979 -0.0105242 0.0108817 0.00238109 -0.0104913 0.0103004 0.00210196 -0.0106934 0.00970573 0.00226181 -0.0103927 0.00840712 0.00246585 -0.0104256 0.00902069 0.00187414 -0.0106199 0.00852627 0.00142757 -0.010327 0.00743306 0.0019079 -0.0103598 0.00786596 0.00104002 -0.0105465 0.00766182 0.00137208 -0.010571 0.0078944 0.000852651 -0.0102941 0.00713712 0.000669643 -0.010522 0.00749697 -1.08639e-10 -0.0107191 0.007388 -0.000638742 -0.0109173 0.00707055 -0.000535622 -0.0106864 0.00745705 -0.00175103 -0.0108518 0.00769888 -0.00206583 -0.0105457 0.00906082 -0.00208579 -0.010499 0.00983168 -0.00199218 -0.010476 0.0102012 -0.00222114 -0.0106881 0.0106733 -0.00244648 -0.0107209 0.01007 -0.00135683 -0.0106227 0.011614 -0.00184978 -0.0106554 0.0111996 -0.00102984 -0.0103839 0.0113439 -0.000311172 -0.0103379 0.011589 2.75959e-05 -0.0103174 0.0116118 -0.000141606 -0.0105572 0.012008 0.00111024 -0.0104917 0.0117533 0.000859463 -0.0102657 0.0114292 0.00125121 -0.0102383 0.0112015 0.00193046 -0.0101722 0.0103566 0.002104 -0.0101301 0.00968364 0.00247472 -0.010328 0.00906883 0.00177346 -0.010046 0.00835309 0.00228375 -0.0102953 0.00845374 0.00193799 -0.010067 0.00866051 0.00156059 -0.0100249 0.00807694 0.00130518 -0.0100039 0.00783956 0.000695574 -0.00996179 0.00750583 0.000908152 -0.0101971 0.0071579 0.00147384 -0.0102298 0.0074658 0.000461954 -0.0101735 0.00703083 -1.44852e-10 -0.00991907 0.007388 6.72129e-12 -0.01105 0.00698799 -0.000641234 -0.0110171 0.00707121 -0.0012355 -0.0108845 0.00731283 -0.00123998 -0.0109843 0.00731536 -0.00215146 -0.0108191 0.00820332 -0.00241046 -0.0107863 0.00879301 -0.00241406 -0.0108857 0.00880538 -0.00215676 -0.0109185 0.00821216 -0.00251139 -0.0108528 0.00944462 -0.00251101 -0.0107536 0.00942917 -0.00221144 -0.0107871 0.0106915 -0.00183401 -0.0107542 0.0112166 -0.00133507 -0.0107213 0.0116279 -0.000774679 -0.0105899 0.0118896 -0.000747669 -0.0106885 0.0118982 0.000500775 -0.0105244 0.0119616 0.00167571 -0.010557 0.0113714 0.00114248 -0.0105899 0.0117372 0.00164672 -0.010459 0.011397 0.00207495 -0.0104262 0.0109159 0.00236677 -0.0103935 0.0103418 0.00250302 -0.0103608 0.00971227 0.00250651 -0.0104584 0.00966602 0.00194265 -0.0102626 0.00790743 8.96177e-12 -0.01015 0.00698799 0.000432797 -0.010272 0.00702555 0.000434741 -0.00914546 0.00743323 0.00104346 -0.00894675 0.00766377 0.000625085 -0.00891921 0.00748262 0.00169524 -0.0092377 0.00824035 0.00194098 -0.00902937 0.00866744 0.0018944 -0.00926076 0.0085663 0.00207442 -0.0090569 0.00910336 0.00211121 -0.00908444 0.00955776 0.00210233 -0.00930688 0.00929815 0.00204961 -0.00911198 0.0100095 0.0018925 -0.00913952 0.0104375 0.00164718 -0.00916706 0.0108219 0.00145644 -0.00942218 0.0110295 0.000455978 -0.00949136 0.0115622 0.000667547 -0.00924001 0.0115037 0.000986508 -0.00921908 0.0113674 0.000272402 -0.00926449 0.0115944 7.70936e-05 -0.00951442 0.0116106 -0.00013279 -0.00928897 0.0116078 -0.000304363 -0.00953748 0.01159 -0.000533138 -0.00931345 0.0115436 -0.00102526 -0.0095836 0.0113465 -0.000675879 -0.00956054 0.0115009 -0.000913813 -0.00933793 0.0114041 -0.00126083 -0.00936241 0.0111944 -0.00161308 -0.00962973 0.0108633 -0.00183226 -0.00965279 0.0105504 -0.00198083 -0.00943585 0.0102327 -0.0019915 -0.00967585 0.0102032 -0.00208433 -0.00946032 0.00984073 -0.00206587 -0.00974573 0.00906098 -0.00205996 -0.00950928 0.00903404 -0.0019439 -0.00977021 0.00867429 -0.00103608 -0.00985378 0.00765959 -0.00103594 -0.00961568 0.00765952 -0.000535524 -0.00988642 0.00745702 -1.44853e-10 -0.010481 0.007388 -0.00146872 -0.010383 0.0079823 -0.00123998 -0.0101843 0.00731536 -0.00175657 -0.0101514 0.00770427 -0.00215677 -0.0101185 0.00821216 -0.00193243 -0.0103338 0.00864778 -0.0019813 -0.0102359 0.0102314 -0.00244233 -0.0100199 0.0100875 -0.000915054 -0.010138 0.0114035 -0.00126193 -0.0101625 0.0111935 -0.00133507 -0.00992135 0.0116279 -0.000534472 -0.0101135 0.0115433 -0.000110726 -0.00985562 0.0120096 0.000533553 -0.00982275 0.0119547 0.000666247 -0.0100401 0.0115042 0.000271035 -0.0100646 0.0115945 0.00114248 -0.00978989 0.0117372 0.00103691 -0.0100156 0.0113399 0.00238109 -0.00969129 0.0103004 0.00202467 -0.0099177 0.010101 0.00246585 -0.00962556 0.00902069 0.00202489 -0.00984426 0.00889971 0.00226181 -0.00959269 0.00840712 0.00137002 -0.00977083 0.00789265 0.00142757 -0.00952696 0.00743306 0.000852651 -0.00949409 0.00713712 0.000337886 -0.00970141 0.0074152 0.000667072 -0.00972187 0.00749611 -1.81067e-10 -0.00968095 0.007388 -0.0012355 -0.0100845 0.00731283 -0.0014689 -0.00982114 0.00798247 -0.00175029 -0.00979469 0.00831804 -0.00215146 -0.0100191 0.00820332 -0.00175103 -0.0100518 0.00769888 -0.00241046 -0.00998633 0.00879301 -0.00211145 -0.00972197 0.00945187 -0.00208559 -0.00969891 0.00983296 -0.00244648 -0.00992086 0.01007 -0.00222114 -0.00988812 0.0106733 -0.00184978 -0.00985539 0.0111996 -0.00134113 -0.00960667 0.0111315 -0.00135683 -0.00982265 0.011614 -0.000774679 -0.00978992 0.0118896 0.000819963 -0.0094683 0.0114463 0.00111024 -0.00969171 0.0117533 0.00164672 -0.00965898 0.011397 0.00115713 -0.00944524 0.0112668 0.00170812 -0.00939912 0.0107421 0.00203744 -0.009353 0.0100562 0.00190392 -0.00937606 0.0104141 0.00250302 -0.00956077 0.00971227 0.0021043 -0.00932994 0.00968011 0.00203159 -0.00928382 0.00892279 0.00247472 -0.00952804 0.00906883 0.00144062 -0.00921464 0.00795561 0.00194265 -0.00946257 0.00790743 0.000799892 -0.00916852 0.00754533 0.000908152 -0.0093971 0.0071579 0.00113888 -0.00919158 0.00772138 0.000218544 -0.00913226 0.00739934 8.96231e-12 -0.01025 0.00698799 -0.000638743 -0.0101173 0.00707055 -0.000641235 -0.0102171 0.00707121 -0.00241406 -0.0100857 0.00880538 -0.00251101 -0.00995359 0.00942917 -0.0025114 -0.0100528 0.00944462 -0.00221144 -0.00998708 0.0106915 -0.00183402 -0.00995421 0.0112166 -0.00074767 -0.00988848 0.0118982 -0.000141607 -0.00975718 0.012008 0.000500775 -0.00972445 0.0119616 0.00207495 -0.00962624 0.0109159 0.00167571 -0.00975702 0.0113714 0.00236678 -0.00959351 0.0103418 0.0020979 -0.00972415 0.0108817 0.00250651 -0.00965842 0.00966602 0.00228375 -0.0094953 0.00845374 0.00147384 -0.00942983 0.0074658 0.0019079 -0.00955983 0.00786596 0.000461954 -0.00937355 0.00703083 0.000432797 -0.00947205 0.00702555 0.000441141 -0.00810775 0.00743458 0.00106971 -0.00814858 0.00767894 0.00134673 -0.008169 0.00787309 0.0011723 -0.00839399 0.00774323 0.00158921 -0.00818941 0.00810897 0.00179091 -0.00820983 0.00838054 0.00188209 -0.00845911 0.00854173 0.00201737 -0.00848081 0.0088749 0.00209417 -0.00850251 0.00922619 0.00205247 -0.00825066 0.00900212 0.00210564 -0.00827107 0.00933619 0.00210478 -0.00829149 0.00967447 0.00206519 -0.00854592 0.00994218 0.00204991 -0.00831191 0.0100083 0.00158452 -0.00861104 0.0108964 0.00179845 -0.00858933 0.0106073 0.00132466 -0.00863275 0.0111449 0.00133835 -0.00839358 0.0111338 0.00158202 -0.00837316 0.0108992 0.00102641 -0.00865445 0.0113458 0.00103241 -0.00841593 0.0113425 0.00066138 -0.00844041 0.0115058 -0.000139216 -0.00848936 0.0116074 -0.000385038 -0.00874241 0.0115766 -0.000539334 -0.00851384 0.011542 -0.00107906 -0.00878735 0.0113155 -0.000919555 -0.00853832 0.0114013 -0.00156559 -0.00858728 0.0109176 -0.00126591 -0.0085628 0.0111906 -0.001381 -0.00880981 0.0110979 -0.00211084 -0.00868518 0.00943003 -0.00205859 -0.00870965 0.00902804 -0.00206628 -0.00894561 0.00906295 -0.0019305 -0.00873413 0.00864342 -0.00103587 -0.00881569 0.00765948 -1.81065e-10 -0.00911907 0.007388 -2.17281e-10 -0.00888096 0.007388 -0.000535453 -0.00964832 0.007457 1.12037e-11 -0.00945 0.00698799 -0.00146873 -0.00958304 0.00798231 -0.00123998 -0.00938427 0.00731536 -0.00173476 -0.00955824 0.00829536 -0.00215677 -0.00931854 0.00821216 -0.00193297 -0.00953376 0.00864902 -0.00241406 -0.00928567 0.00880538 -0.0025114 -0.00925281 0.00944462 -0.00211104 -0.0094848 0.00943621 -0.00221144 -0.00918708 0.0106915 -0.00244233 -0.00921994 0.0100875 -0.00180434 -0.00941137 0.0105977 -0.00183402 -0.00915421 0.0112166 -0.00156135 -0.00938689 0.0109222 -0.00133507 -0.00912135 0.0116279 0.000533554 -0.00902275 0.0119547 0.00114248 -0.00898989 0.0117372 0.00132513 -0.0091946 0.0111446 0.00167571 -0.00895702 0.0113714 0.0023811 -0.00889129 0.0103004 0.0019079 -0.00875982 0.00786595 0.00141321 -0.00897429 0.00793048 0.0017171 -0.00900183 0.00827032 0.000852652 -0.00869409 0.00713712 0.000316102 -0.00890009 0.00741179 1.12028e-11 -0.00935 0.00698799 -0.000638743 -0.00931726 0.00707055 -0.000535613 -0.00908642 0.00745704 -0.00103624 -0.00905377 0.00765968 -0.0014691 -0.00902112 0.00798267 -0.00175134 -0.00899458 0.00831959 -0.00175104 -0.00925179 0.00769888 -0.00194466 -0.00897009 0.00867608 -0.00215146 -0.00921906 0.00820332 -0.00208758 -0.00889969 0.00982025 -0.00211138 -0.00892215 0.00944882 -0.00251101 -0.00915359 0.00942917 -0.00244649 -0.00912086 0.01007 -0.00184821 -0.00885475 0.0105221 -0.00199894 -0.00887722 0.0101818 -0.00164007 -0.00883228 0.0108307 -0.000743594 -0.00876488 0.0114768 -1.45211e-05 -0.00871995 0.0116119 0.000350143 -0.00869786 0.0115828 0.000698394 -0.00867616 0.0114932 0.00236678 -0.00879351 0.0103418 0.00196024 -0.00856763 0.0102861 0.00211027 -0.00852422 0.00958541 0.00228375 -0.0086953 0.00845374 0.00169224 -0.0084374 0.00823633 0.00145334 -0.0084157 0.00796757 0.000857286 -0.00837228 0.00756982 0.000517416 -0.00835058 0.00745236 1.34441e-11 -0.00855 0.00698799 0.000260702 -0.00833482 0.00740415 -0.0012355 -0.00928453 0.00731282 -0.000641235 -0.00941713 0.00707121 -0.00175657 -0.0093514 0.00770427 -0.00241046 -0.00918633 0.00879301 -0.00222114 -0.00908812 0.0106733 -0.00184978 -0.00905539 0.0111996 -0.00135683 -0.00902265 0.011614 -0.00077468 -0.00898992 0.0118896 -0.00074767 -0.00908848 0.0118982 -0.000110727 -0.00905562 0.0120096 -0.000141607 -0.00895718 0.012008 0.000500775 -0.00892445 0.0119616 0.00111024 -0.00889171 0.0117533 0.00164672 -0.00885898 0.011397 0.00207495 -0.00882624 0.0109159 0.00209791 -0.00892415 0.0108817 0.00250302 -0.00876077 0.00971227 0.00247473 -0.00872804 0.00906883 0.00250652 -0.00885842 0.00966602 0.00246586 -0.00882556 0.00902069 0.00226181 -0.00879269 0.00840711 0.00194265 -0.00866257 0.00790743 0.00147384 -0.00862983 0.0074658 0.00142757 -0.00872696 0.00743306 0.000908153 -0.0085971 0.00715789 0.000432798 -0.00867205 0.00702555 0.000461954 -0.00857355 0.00703083 0.000305715 -0.00753756 0.00741024 0.00127161 -0.00760134 0.00781371 0.00128242 -0.00736405 0.00782192 0.000991756 -0.0073432 0.00763534 0.00153879 -0.00738489 0.00805339 0.00175399 -0.00740574 0.00832354 0.0015498 -0.00762397 0.0080652 0.00177913 -0.00764661 0.00836191 0.00195236 -0.00766925 0.00869451 0.00210152 -0.00746827 0.00928987 0.00206405 -0.00769188 0.0090525 0.00209072 -0.00773716 0.00979906 0.00205743 -0.00750997 0.00997698 0.00185579 -0.00778244 0.0105083 0.00158917 -0.00757251 0.0108911 0.00108533 -0.00785035 0.0113118 0.00103222 -0.00761595 0.0113426 0.000747781 -0.00787299 0.0114752 0.000265777 -0.0076649 0.0115952 -0.000139426 -0.00768937 0.0116074 -0.00156573 -0.00778729 0.0109174 -0.00199635 -0.00807674 0.0101893 -0.00198306 -0.00783624 0.0102267 -0.00180769 -0.00781177 0.0105921 -0.00184297 -0.0080541 0.0105315 -0.00208536 -0.00786072 0.0098344 -0.00206646 -0.00814555 0.0090638 -0.00205855 -0.00790967 0.00902785 -0.00193042 -0.00793415 0.00864324 -0.00175188 -0.00819452 0.00832041 -0.00194502 -0.00817004 0.00867693 -0.00146895 -0.00822114 0.00798252 -0.00173117 -0.00795862 0.00829021 -0.00103586 -0.00801569 0.00765947 -0.00146863 -0.00798306 0.00798222 -0.00103611 -0.00825378 0.00765961 -0.000535544 -0.00828642 0.00745703 -2.17278e-10 -0.00831907 0.007388 -2.53496e-10 -0.00808096 0.007388 -0.000535411 -0.00804833 0.00745699 1.34453e-11 -0.00865 0.00698799 -0.000535413 -0.00884833 0.00745699 -0.00146864 -0.00878305 0.00798222 -0.00173128 -0.0087586 0.00829037 -0.00198299 -0.00863623 0.0102268 -0.00244233 -0.00841994 0.0100875 -0.00208533 -0.0086607 0.0098346 -0.00221144 -0.00838708 0.0106915 -0.00180759 -0.00861175 0.0105923 -0.000110727 -0.00825562 0.0120096 0.000265987 -0.00846488 0.0115952 0.00194245 -0.00833233 0.0103291 0.00209791 -0.00812415 0.0108817 0.00178514 -0.00835274 0.0106286 0.00250652 -0.00805842 0.00966602 0.0023811 -0.00809129 0.0103004 0.00226181 -0.00799269 0.00840711 0.00194666 -0.00823024 0.00868082 0.000852652 -0.0078941 0.00713712 0.000765238 -0.00812817 0.00753151 0.000221797 -0.00809436 0.00739968 -0.000638743 -0.00851726 0.00707055 -0.00175104 -0.00845179 0.00769887 -0.00211143 -0.00812201 0.00945114 -0.00251101 -0.00835359 0.00942917 -0.00244649 -0.00832085 0.01007 -0.00208679 -0.00809938 0.00982532 -0.00163147 -0.00803146 0.0108412 -0.00136854 -0.00800882 0.0111086 -0.00106242 -0.00798618 0.0113253 -0.000360402 -0.0079409 0.011581 -0.00077468 -0.00818992 0.0118896 -0.00072281 -0.00796354 0.0114845 1.33686e-05 -0.00791826 0.011612 0.000500775 -0.00812445 0.0119616 0.000386664 -0.00789563 0.0115763 0.00138865 -0.00782771 0.0110913 0.0016482 -0.00780507 0.0108206 0.00207495 -0.00802624 0.0109159 0.00164672 -0.00805898 0.011397 0.00236678 -0.00799351 0.0103418 0.00200486 -0.0077598 0.0101641 0.00211065 -0.00771452 0.00942459 0.00247473 -0.00792804 0.00906883 0.00250302 -0.00796077 0.00971227 0.00228375 -0.0078953 0.00845374 0.00147385 -0.00782983 0.0074658 0.000604991 -0.00755606 0.0074765 0.00095333 -0.0075787 0.0076154 -2.53491e-10 -0.00751907 0.007388 -0.0012355 -0.00848453 0.00731282 -0.00123998 -0.00858427 0.00731536 -0.000641236 -0.00861713 0.00707121 -0.00175657 -0.0085514 0.00770427 -0.00215147 -0.00841906 0.00820332 -0.00241047 -0.00838632 0.008793 -0.00241406 -0.00848567 0.00880538 -0.00215677 -0.00851854 0.00821216 -0.0025114 -0.00845281 0.00944462 -0.00222114 -0.00828812 0.0106733 -0.00184978 -0.00825539 0.0111996 -0.00183402 -0.00835421 0.0112166 -0.00135683 -0.00822265 0.011614 -0.00133507 -0.00832135 0.0116279 -0.000141607 -0.00815718 0.012008 -0.000747671 -0.00828848 0.0118982 0.000533554 -0.00822275 0.0119547 0.00111024 -0.00809171 0.0117533 0.00114248 -0.00818989 0.0117372 0.00167571 -0.00815702 0.0113714 0.00246586 -0.00802556 0.00902069 0.00194265 -0.00786257 0.00790743 0.0019079 -0.00795983 0.00786595 0.000908153 -0.0077971 0.00715789 0.00142757 -0.00792696 0.00743306 0.000461955 -0.00777355 0.00703083 0.000432798 -0.00787205 0.00702555 -2.89704e-10 -0.00671907 0.007388 0.000671402 -0.00652216 0.00749756 0.00111346 -0.00678977 0.00770535 0.00137349 -0.00657111 0.00789561 0.0014077 -0.00681196 0.00792554 0.001875 -0.00662007 0.00852793 0.00165932 -0.00683414 0.00819341 0.0018607 -0.00685633 0.00850084 0.00210177 -0.0066935 0.0097076 0.00202337 -0.00671798 0.0101054 0.00206815 -0.00694506 0.00992812 0.00196262 -0.00696724 0.0102802 0.00157824 -0.00701161 0.0109035 0.00100417 -0.00705598 0.011358 0.00103295 -0.0068159 0.0113422 0.000309394 -0.00710035 0.0115892 0.000666872 -0.00707817 0.011504 0.000266567 -0.00686485 0.0115951 0.000661955 -0.00684037 0.0115056 -0.000538815 -0.00691381 0.0115421 -0.000138654 -0.00688933 0.0116074 -0.000919097 -0.00693829 0.0114015 -0.00110383 -0.00718909 0.0113006 -0.00156529 -0.00698725 0.0109179 -0.00126553 -0.00696277 0.0111909 -0.00139929 -0.00721128 0.0110819 -0.00198285 -0.00703621 0.0102272 -0.00185537 -0.00725565 0.010509 -0.00180737 -0.00701173 0.0105927 -0.0020884 -0.00730002 0.00981484 -0.00211085 -0.00708516 0.00943037 -0.00211136 -0.0073222 0.00944806 -0.00205866 -0.00710964 0.00902834 -0.00206664 -0.00734551 0.00906464 -0.00194535 -0.00736999 0.00867771 -0.00146872 -0.00718305 0.0079823 -0.000535449 -0.00724833 0.007457 -0.00103593 -0.00721569 0.00765951 -2.8971e-10 -0.00728096 0.007388 1.56872e-11 -0.00785 0.00698799 -0.00123998 -0.00778427 0.00731536 -0.00215677 -0.00771854 0.00821216 -0.00211083 -0.00788519 0.00942984 -0.00221144 -0.00758708 0.0106915 -0.00183402 -0.00755421 0.0112166 -0.00126607 -0.00776281 0.0111904 -0.000539535 -0.00771385 0.0115419 -0.000919741 -0.00773833 0.0114012 -0.000110727 -0.00745561 0.0120096 0.000661179 -0.00764042 0.0115058 0.00134119 -0.00759336 0.0111315 0.00114248 -0.00738988 0.0117372 0.00209791 -0.00732415 0.0108817 0.00167571 -0.00735702 0.0113714 0.0023811 -0.00729129 0.0103004 0.00179467 -0.00755166 0.0106134 0.00195216 -0.00753082 0.010306 0.00210767 -0.00748912 0.00963521 0.00246586 -0.00722556 0.00902069 0.00192229 -0.00742658 0.00862515 0.00203917 -0.00744743 0.00895016 0.00142757 -0.00712696 0.00743306 0.000432798 -0.00707205 0.00702555 0.000852653 -0.00709409 0.00713712 0.000341785 -0.00730166 0.00741584 0.000674563 -0.00732236 0.00749862 -0.000535549 -0.00748643 0.00745703 1.56856e-11 -0.00775 0.00698799 -0.00103612 -0.00745378 0.00765962 -0.00146896 -0.00742114 0.00798253 -0.00175236 -0.00739447 0.00832111 -0.00215147 -0.00761906 0.00820332 -0.00251101 -0.00755359 0.00942917 -0.0020022 -0.00727783 0.0101721 -0.00165235 -0.00723346 0.0108154 -0.00222114 -0.00748812 0.0106733 -0.00135683 -0.00742265 0.0116141 -0.00184979 -0.00745539 0.0111996 -0.000774681 -0.00738992 0.0118896 -0.000774956 -0.00716691 0.0114647 -0.000422606 -0.00714472 0.0115693 -5.74443e-05 -0.00712254 0.0116112 0.000500776 -0.00732445 0.0119616 0.00111024 -0.00729171 0.0117533 0.00131105 -0.0070338 0.0111558 0.00207495 -0.00722624 0.0109159 0.00179765 -0.00698943 0.0106086 0.00209004 -0.00690069 0.00919622 0.00211106 -0.00692288 0.00956312 0.00200574 -0.00687851 0.00883852 0.00250302 -0.00716077 0.00971227 0.00194265 -0.00706257 0.00790743 0.000433759 -0.00674541 0.00743302 0.000785498 -0.00676759 0.0075395 0.000218045 -0.00673224 0.00739928 0.000908153 -0.0069971 0.00715789 -0.000638744 -0.00771727 0.00707055 -0.000641236 -0.00781714 0.0070712 -0.0012355 -0.00768453 0.00731282 -0.00175104 -0.0076518 0.00769887 -0.00175657 -0.0077514 0.00770427 -0.00241047 -0.00758633 0.008793 -0.00241406 -0.00768567 0.00880538 -0.0025114 -0.00765281 0.00944462 -0.00244649 -0.00752086 0.01007 -0.00244234 -0.00761994 0.0100875 -0.00133508 -0.00752135 0.0116279 -0.000141607 -0.00735718 0.012008 -0.000747671 -0.00748848 0.0118982 0.000533554 -0.00742275 0.0119547 0.00164672 -0.00725898 0.011397 0.00236678 -0.00719351 0.0103418 0.00250652 -0.00725842 0.00966602 0.00247473 -0.00712804 0.00906883 0.00228375 -0.0070953 0.00845374 0.00226181 -0.00719269 0.00840711 0.0019079 -0.00715983 0.00786595 0.00147385 -0.00702983 0.0074658 0.000461955 -0.00697355 0.00703083 -3.25917e-10 -0.00591907 0.007388 0.000250304 -0.0059342 0.00740288 0.00116401 -0.00599339 0.00773772 0.0014501 -0.00601543 0.0079645 0.00169286 -0.00603747 0.00823716 0.00209637 -0.00610357 0.00924358 0.00203933 -0.00591447 0.0100493 0.00210969 -0.00588692 0.00959877 0.0016212 -0.00596955 0.0108536 0.00177742 -0.00619172 0.0106408 0.000977101 -0.00625783 0.0113724 0.000662064 -0.00604037 0.0115055 0.00095006 -0.00602156 0.0113862 0.000283903 -0.00630191 0.0115928 -0.000138539 -0.00608933 0.0116075 0.00026668 -0.00606485 0.0115951 -8.0733e-05 -0.00632394 0.0116105 -0.0005387 -0.00611381 0.0115421 -0.000792049 -0.00636802 0.0114579 -0.00111741 -0.00639006 0.0112922 -0.0015652 -0.00618725 0.010918 -0.00126542 -0.00616277 0.0111909 -0.0018073 -0.00621173 0.0105928 -0.00185947 -0.00645617 0.0105015 -0.00208525 -0.00626068 0.00983509 -0.00198281 -0.0062362 0.0102273 -0.00211086 -0.00628516 0.0094305 -0.00175238 -0.00659447 0.00832115 -0.00193067 -0.00633411 0.0086438 -0.0017315 -0.00635859 0.00829068 -0.00103609 -0.00665379 0.0076596 -0.000535448 -0.00644834 0.007457 -0.000535533 -0.00668643 0.00745702 -0.00123999 -0.00698427 0.00731536 -0.000641236 -0.00701714 0.0070712 -0.00175657 -0.0069514 0.00770427 -0.00215677 -0.00691854 0.00821216 -0.00173143 -0.0071586 0.00829057 -0.00193061 -0.00713412 0.00864368 -0.00241406 -0.00688567 0.00880537 -0.0025114 -0.00685281 0.00944462 -0.00244234 -0.00681994 0.0100875 -0.00208527 -0.00706069 0.00983496 -0.00183402 -0.00675421 0.0112166 -0.000747672 -0.00668848 0.0118982 0.00114248 -0.00658988 0.0117372 0.00136589 -0.00679142 0.0111109 0.00167571 -0.00655702 0.0113714 0.00187041 -0.00674246 0.0104809 0.00164851 -0.00676694 0.0108202 0.00210271 -0.00666902 0.00930219 0.00202618 -0.00664455 0.00890408 0.00142757 -0.00632696 0.00743306 0.00165473 -0.00659559 0.0081876 0.00104164 -0.00654664 0.00766274 -3.25925e-10 -0.00648097 0.007388 0.000340139 -0.00650156 0.00741557 -0.000638744 -0.00691727 0.00707055 -0.00146892 -0.00662114 0.0079825 -0.00194536 -0.00656999 0.00867775 -0.00215147 -0.00681906 0.00820332 -0.00211133 -0.00652228 0.00944678 -0.00206664 -0.00654551 0.00906466 -0.00200415 -0.00647821 0.0101663 -0.00208895 -0.00650025 0.00981116 -0.00222114 -0.00668812 0.0106733 -0.00165922 -0.00643413 0.0108067 -0.00140939 -0.00641209 0.011073 -0.00184979 -0.00665539 0.0111996 -0.00044302 -0.00634598 0.011565 0.000640058 -0.00627987 0.0115127 -0.000141607 -0.00655718 0.012008 0.00128495 -0.00623579 0.0111761 0.00111024 -0.00649171 0.0117533 0.00164672 -0.00645898 0.011397 0.0015544 -0.00621376 0.0109298 0.00194732 -0.00616968 0.0103176 0.00207495 -0.00642624 0.0109159 0.00236678 -0.00639351 0.0103418 0.00205903 -0.00614765 0.00997003 0.00250303 -0.00636077 0.00971227 0.00210921 -0.00612561 0.00960841 0.0020209 -0.00608154 0.0088864 0.00188504 -0.0060595 0.00854755 0.00228375 -0.0062953 0.00845374 0.00247473 -0.00632804 0.00906883 0.00194265 -0.00626257 0.00790743 0.000843138 -0.00597136 0.00756359 0.00147385 -0.00622983 0.0074658 0.000497079 -0.00594932 0.00744733 1.79273e-11 -0.00695 0.00698799 1.79295e-11 -0.00705 0.00698799 -0.0012355 -0.00688453 0.00731282 -0.00175104 -0.0068518 0.00769887 -0.00241047 -0.00678633 0.008793 -0.00251101 -0.00675359 0.00942917 -0.00244649 -0.00672086 0.01007 -0.00221144 -0.00678708 0.0106915 -0.00135683 -0.00662265 0.0116141 -0.00133508 -0.00672135 0.0116279 -0.000774681 -0.00658992 0.0118896 -0.000110727 -0.00665561 0.0120096 0.000500776 -0.00652445 0.0119616 0.000533555 -0.00662275 0.0119547 0.0023811 -0.00649129 0.0103004 0.00209791 -0.00652415 0.0108817 0.00250652 -0.00645842 0.00966602 0.00246586 -0.00642556 0.00902069 0.00226181 -0.00639269 0.00840711 0.0019079 -0.00635983 0.00786595 0.000908154 -0.0061971 0.00715789 0.000852653 -0.00629409 0.00713712 0.000461955 -0.00617355 0.00703083 2.01693e-11 -0.00615 0.00698799 0.000432798 -0.00627205 0.00702555 2.0172e-11 -0.00625 0.00698798 -3.98356e-10 -0.00488097 0.007388 0.000247609 -0.00513403 0.00740256 0.000491803 -0.00514899 0.00744606 0.000670892 -0.00492213 0.00749739 0.000838365 -0.00517104 0.00756152 0.00104116 -0.00494661 0.00766247 0.00144664 -0.00521515 0.00796124 0.00137307 -0.00497109 0.00789525 0.0018831 -0.00525924 0.00854371 0.00169015 -0.0052372 0.00823353 0.00210183 -0.00509347 0.00970702 0.00194855 -0.00536949 0.0103147 0.00187069 -0.00514243 0.0104803 0.00164889 -0.00516691 0.0108197 0.00136636 -0.00519139 0.0111105 0.000267192 -0.00526482 0.011595 -0.000441649 -0.0055459 0.0115653 -0.000538189 -0.00531378 0.0115423 -0.000790954 -0.00556795 0.0114583 -0.000918507 -0.00533826 0.0114018 -0.00111659 -0.00559 0.0112927 -0.00185933 -0.00565615 0.0105017 -0.00156484 -0.00538722 0.0109184 -0.00211132 -0.0057223 0.0094464 -0.00211087 -0.00548513 0.00943107 -0.00205882 -0.00550961 0.00902903 -0.00194517 -0.00577002 0.00867728 -0.0019309 -0.00553408 0.00864433 -0.0017521 -0.0057945 0.00832073 -0.00146892 -0.00582114 0.0079825 -0.00103592 -0.0056157 0.0076595 -0.0010361 -0.00585379 0.0076596 -3.6214e-10 -0.00568097 0.007388 -0.000535534 -0.00588643 0.00745702 -0.00103593 -0.0064157 0.00765951 -0.00146872 -0.00638305 0.0079823 -0.00241407 -0.00608567 0.00880537 -0.00215677 -0.00611854 0.00821216 -0.0025114 -0.00605281 0.00944462 -0.00205869 -0.00630964 0.00902847 -0.00244234 -0.00601994 0.0100875 -0.00221144 -0.00598708 0.0106915 -0.00183402 -0.00595421 0.0112166 -0.00133508 -0.00592135 0.0116279 -0.000918987 -0.00613829 0.0114016 -0.000110727 -0.00585562 0.0120096 0.000533555 -0.00582275 0.0119547 0.00129295 -0.00599709 0.01117 0.00209791 -0.00572415 0.0108817 0.00187393 -0.00594201 0.0104741 0.00208174 -0.00585939 0.00914375 0.00174067 -0.00580431 0.00830392 0.00195679 -0.00583185 0.00870532 0.0019079 -0.00555983 0.00786595 0.00142757 -0.00552696 0.00743306 0.00144345 -0.00577678 0.00795825 0.00107896 -0.00574924 0.0076844 0.000432799 -0.00547205 0.00702554 0.000664193 -0.0057217 0.00749516 0.00033639 -0.00570134 0.00741496 -0.0012355 -0.00608453 0.00731282 -0.00175104 -0.0060518 0.00769887 -0.00241047 -0.00598633 0.008793 -0.00206654 -0.00574554 0.00906416 -0.00208898 -0.00570026 0.009811 -0.00200413 -0.0056782 0.0101663 -0.0016589 -0.0056341 0.0108071 -0.00140883 -0.00561205 0.0110734 -7.91131e-05 -0.00552384 0.0116105 0.000642028 -0.00547975 0.011512 0.00028573 -0.0055018 0.0115926 0.000979134 -0.00545769 0.0113713 0.00128694 -0.00543564 0.0111746 0.00111024 -0.00569171 0.0117533 0.00177902 -0.00539154 0.0106383 0.00155625 -0.00541359 0.0109278 0.00205979 -0.00534744 0.0099667 0.00236678 -0.00559351 0.0103418 0.0021094 -0.00532539 0.00960478 0.0020959 -0.00530334 0.00923975 0.00201971 -0.00528129 0.0088825 0.00228376 -0.0054953 0.00845374 0.00194265 -0.00546257 0.00790742 0.00115985 -0.0051931 0.00773498 0.00147385 -0.00542983 0.0074658 0.000461955 -0.00537355 0.00703083 0.000908154 -0.0053971 0.00715789 -0.000638744 -0.00611727 0.00707055 -0.000641237 -0.00621714 0.0070712 -0.00123999 -0.00618427 0.00731536 -0.00175658 -0.0061514 0.00770427 -0.00215147 -0.00601906 0.00820332 -0.00251101 -0.00595359 0.00942917 -0.00244649 -0.00592086 0.01007 -0.00222114 -0.00588812 0.0106733 -0.00184979 -0.00585539 0.0111996 -0.00135683 -0.00582265 0.0116141 -0.000774681 -0.00578992 0.0118896 -0.000141607 -0.00575718 0.012008 -0.000747672 -0.00588848 0.0118982 0.000500776 -0.00572445 0.0119616 0.00114248 -0.00578988 0.0117372 0.00167571 -0.00575702 0.0113714 0.00164672 -0.00565898 0.011397 0.00207495 -0.00562624 0.0109159 0.00250303 -0.00556077 0.00971227 0.0023811 -0.00569129 0.0103004 0.00250652 -0.00565842 0.00966602 0.00247473 -0.00552804 0.00906883 0.00226182 -0.00559269 0.00840711 0.00246586 -0.00562556 0.00902069 0.000852654 -0.00549409 0.00713711 -3.98344e-10 -0.00431907 0.007388 0.000250238 -0.00433419 0.00740288 0.00078594 -0.00412953 0.00753968 0.000819518 -0.00436981 0.00755348 0.00156614 -0.00418734 0.00808305 0.00162968 -0.0044313 0.00815662 0.00176188 -0.00420661 0.00833538 0.00182392 -0.00445179 0.00843518 0.00191733 -0.00422588 0.00861434 0.00202894 -0.00424515 0.00891355 0.00197101 -0.00447229 0.00874127 0.00209417 -0.00426442 0.00922616 0.00211152 -0.00428369 0.00954504 0.00209794 -0.00453377 0.00974326 0.00208058 -0.00430296 0.00986292 0.00203183 -0.00455427 0.0100764 0.00200207 -0.00432224 0.0101725 0.00187777 -0.00434151 0.0104667 0.00191317 -0.00457476 0.0103946 0.00150417 -0.00438005 0.0109826 0.00171053 -0.00436078 0.0107388 0.00153181 -0.00461576 0.010954 0.000993838 -0.00441859 0.0113636 0.000681458 -0.00467724 0.011499 0.000663073 -0.00444031 0.0115052 0.000352256 -0.00469774 0.0115824 1.39568e-05 -0.00471823 0.011612 -0.000655065 -0.00475923 0.0115078 -0.000137455 -0.00448927 0.0116075 -0.00125676 -0.00480022 0.0111974 -0.00151258 -0.00482072 0.010974 -0.0019824 -0.00463614 0.0102284 -0.00209457 -0.0049027 0.00977078 -0.00202409 -0.00488221 0.010103 -0.00211089 -0.0049232 0.00943159 -0.0021109 -0.00468509 0.00943171 -0.00208506 -0.00466062 0.00983627 -0.00206634 -0.0049456 0.0090632 -0.00194479 -0.00497008 0.00867638 -0.00193117 -0.00473405 0.00864494 -0.00173222 -0.00475852 0.00829171 -0.00103589 -0.0048157 0.00765949 -0.000535429 -0.00484834 0.007457 2.24148e-11 -0.00545 0.00698798 -0.000535441 -0.00564834 0.007457 -0.00123999 -0.00538427 0.00731536 -0.0014687 -0.00558306 0.00798228 -0.00173184 -0.00555856 0.00829116 -0.00251141 -0.00525281 0.00944462 -0.00198262 -0.00543617 0.0102279 -0.00208516 -0.00546065 0.00983564 -0.00221145 -0.00518708 0.0106915 -0.00183402 -0.00515421 0.0112166 -0.00180702 -0.0054117 0.0105933 -0.00126499 -0.00536274 0.0111913 -0.00133508 -0.00512135 0.0116279 -0.000138017 -0.0052893 0.0116075 0.000662548 -0.00524034 0.0115054 0.00103349 -0.00521587 0.0113419 0.0023811 -0.00489129 0.0103004 0.00202354 -0.00511795 0.0101048 0.00226182 -0.00479269 0.00840711 0.00202602 -0.00504452 0.00890354 0.00210266 -0.00506899 0.00930161 0.00187474 -0.00502004 0.00852743 0.00165438 -0.00499556 0.00818716 0.00190791 -0.00475983 0.00786595 0.000432799 -0.00467205 0.00702554 0.000852654 -0.00469409 0.00713711 0.000339875 -0.00490155 0.00741553 -3.6213e-10 -0.00511907 0.007388 2.24115e-11 -0.00535 0.00698799 -0.000535532 -0.00508643 0.00745702 -0.0012355 -0.00528453 0.00731282 -0.00103609 -0.00505379 0.0076596 -0.00146892 -0.00502115 0.0079825 -0.00175104 -0.0052518 0.00769887 -0.00175156 -0.00499456 0.00831992 -0.00215147 -0.00521906 0.00820332 -0.00241047 -0.00518633 0.008793 -0.00251101 -0.00515359 0.00942917 -0.00244649 -0.00512086 0.01007 -0.00190126 -0.00486171 0.0104196 -0.00172928 -0.00484121 0.0107125 -0.00135683 -0.00502265 0.0116141 -0.000774682 -0.00498992 0.0118896 -0.000968426 -0.00477972 0.0113769 -0.000324749 -0.00473873 0.0115869 0.000993048 -0.00465675 0.011364 0.00127896 -0.00463625 0.0111807 0.00111024 -0.00489171 0.0117533 0.00164672 -0.00485898 0.011397 0.00174505 -0.00459526 0.0106897 0.00207495 -0.00482624 0.0109159 0.00210981 -0.00451328 0.00940388 0.00250303 -0.00476077 0.00971227 0.00236678 -0.00479351 0.0103418 0.00247473 -0.00472804 0.00906883 0.00206713 -0.00449278 0.00906698 0.00228376 -0.0046953 0.00845374 0.0013933 -0.0044108 0.00791279 0.000908155 -0.0045971 0.00715789 0.0011209 -0.00439031 0.00770999 0.00147385 -0.00462983 0.0074658 0.00049695 -0.00434931 0.0074473 -0.000638745 -0.00531727 0.00707055 -0.000641237 -0.00541714 0.0070712 -0.00215677 -0.00531854 0.00821216 -0.00175658 -0.0053514 0.00770427 -0.00241407 -0.00528567 0.00880537 -0.00222115 -0.00508812 0.0106733 -0.00244234 -0.00521994 0.0100875 -0.00184979 -0.00505539 0.0111996 -0.000110727 -0.00505562 0.0120096 -0.000747673 -0.00508848 0.0118982 -0.000141607 -0.00495718 0.012008 0.000500776 -0.00492445 0.0119616 0.000533555 -0.00502275 0.0119547 0.00114249 -0.00498988 0.0117372 0.00167571 -0.00495702 0.0113714 0.00209791 -0.00492415 0.0108817 0.00246586 -0.00482556 0.00902069 0.00250652 -0.00485842 0.00966602 0.00194265 -0.00466257 0.00790743 0.00142758 -0.00472696 0.00743306 0.000461956 -0.00457355 0.00703083 0.000546626 -0.003 0.00745996 0.00054773 -0.00355247 0.00746026 0.000888996 -0.00357439 0.00758422 0.00120399 -0.00359631 0.00776479 0.001056 -0.003 0.00767095 0.00149341 -0.003 0.00800659 0.00190373 -0.00366206 0.00858549 0.00204003 -0.003 0.00895337 0.002112 -0.003 0.0095 0.00210704 -0.0037278 0.00964465 0.00205113 -0.00374972 0.0100034 0.00204003 -0.003 0.0100466 0.00182905 -0.003 0.010556 0.00176087 -0.00379355 0.0106661 0.0015351 -0.00381547 0.0109505 0.00131164 -0.00359565 0.0111553 0.001056 -0.003 0.011329 0.000431609 -0.00365476 0.0115674 0.000618764 -0.00388122 0.0115193 4.17329e-05 -0.00367845 0.0116116 0.000263765 -0.00390313 0.0115955 0.000546626 -0.003 0.01154 -0.000458947 -0.00394697 0.0115615 5.52209e-05 -0.00311574 0.0116113 -0.000362431 -0.00370293 0.0115807 -3.25765e-18 -0.003 0.011612 -0.00111631 -0.00375188 0.0112929 -0.00112782 -0.0039908 0.0112857 -0.000546626 -0.003 0.01154 -0.00143827 -0.00377635 0.0110466 -0.00166433 -0.00403464 0.0108002 -0.000707037 -0.00316254 0.0114901 -0.0010741 -0.003187 0.0113185 -0.00186244 -0.00405655 0.0104959 -0.00140164 -0.00321147 0.0110799 -0.00182905 -0.003 0.010556 -0.00208929 -0.00410039 0.00980888 -0.0020915 -0.00389872 0.00920645 -0.00210906 -0.00387425 0.00961142 -0.00211132 -0.0041223 0.00944648 -0.00202418 -0.00391782 0.00889732 -0.00210583 -0.00330934 0.00966127 -0.00204003 -0.003 0.00895337 -0.00146849 -0.00398308 0.00798208 -0.00182905 -0.003 0.008444 -0.00103575 -0.00401571 0.00765941 -0.00146894 -0.00422115 0.00798251 -0.00146815 -0.00342121 0.00798175 -0.00053536 -0.00404834 0.00745698 -0.000535208 -0.00348645 0.00745694 -0.000641238 -0.00461714 0.0070712 -0.00123999 -0.00458427 0.00731535 -0.00146867 -0.00478306 0.00798226 -0.00215678 -0.00451854 0.00821216 -0.00205896 -0.00470957 0.00902967 -0.00183402 -0.00435421 0.0112166 -0.00156443 -0.00458718 0.0109188 -0.0018067 -0.00461166 0.0105938 -0.000917979 -0.00453823 0.0114021 -0.00133508 -0.00432135 0.0116279 -0.00126451 -0.00456271 0.0111916 -0.000747673 -0.00428848 0.0118982 -0.000537633 -0.00451375 0.0115424 -0.000110727 -0.00425562 0.0120096 0.000267745 -0.00446479 0.011595 0.00167572 -0.00415702 0.0113714 0.00209791 -0.00412415 0.0108817 0.00126345 -0.00439933 0.0111924 0.00238111 -0.00409129 0.0103004 0.00250653 -0.00405842 0.00966602 0.00133459 -0.00416807 0.00786311 0.00142758 -0.00392696 0.00743305 0.00107253 -0.0041488 0.0076806 0.000852655 -0.00389409 0.00713711 0.000481385 -0.00411025 0.00744359 2.69014e-11 -0.00385 0.00698798 0.000242292 -0.00409561 0.00740194 -0.00053554 -0.00428643 0.00745703 2.46539e-11 -0.00455 0.00698799 -0.00103611 -0.00425379 0.00765961 -0.000638745 -0.00451727 0.00707055 -0.00175104 -0.0044518 0.00769887 -0.0017528 -0.00419443 0.00832176 -0.00215147 -0.00441906 0.00820332 -0.0020668 -0.00414546 0.00906539 -0.00194565 -0.00416995 0.00867843 -0.00241047 -0.00438633 0.008793 -0.00200551 -0.00407847 0.0101622 -0.00244649 -0.00432086 0.01007 -0.00222115 -0.00428812 0.0106733 -0.00141703 -0.00401272 0.0110661 -0.000805286 -0.00396888 0.0114525 -0.000774682 -0.00418992 0.0118896 -0.00135683 -0.00422265 0.0116141 -0.000141607 -0.00415718 0.012008 -9.90274e-05 -0.00392505 0.0116097 0.000500777 -0.00412445 0.0119616 0.000955491 -0.0038593 0.0113835 0.00126397 -0.00383738 0.011192 0.00164672 -0.00405898 0.011397 0.00111024 -0.00409171 0.0117533 0.00207495 -0.00402624 0.0109159 0.00193459 -0.00377163 0.0103473 0.00210068 -0.00370589 0.00928163 0.00236678 -0.00399351 0.0103418 0.00250303 -0.00396077 0.00971227 0.00228376 -0.0038953 0.00845374 0.00203224 -0.00368397 0.00892507 0.00171897 -0.00364014 0.00827293 0.0014834 -0.00361822 0.00799665 0.000276238 -0.00353577 0.00740614 0.000461956 -0.00377355 0.00703082 0.000908155 -0.0037971 0.00715789 2.68966e-11 -0.00375 0.00698798 2.4658e-11 -0.00465 0.00698798 -0.0012355 -0.00448453 0.00731282 -0.00175658 -0.0045514 0.00770427 -0.00241407 -0.00448567 0.00880537 -0.00251102 -0.00435359 0.00942917 -0.00251141 -0.00445281 0.00944462 -0.00244234 -0.00441994 0.0100875 -0.00221145 -0.00438708 0.0106915 -0.00184979 -0.00425539 0.0111996 0.000533556 -0.00422275 0.0119547 0.00114249 -0.00418988 0.0117372 0.00247473 -0.00392804 0.00906883 0.00246587 -0.00402556 0.00902068 0.00226182 -0.00399269 0.00840711 0.00194266 -0.00386257 0.00790742 0.00147385 -0.00382983 0.0074658 0.00190791 -0.00395982 0.00786595 0.000432799 -0.00387205 0.00702554 -1.64047e-18 -0.003 0.007388 -1.79678e-18 -0.00257699 0.008092 0.00121936 -0.002577 0.008796 0.00182905 -0.003 0.008444 -1.9531e-18 -0.00215399 0.008796 0.000352 -0.00215399 0.00889032 0.001408 -0.002577 0.0095 -2.10942e-18 -0.00173098 0.0095 0.000704 -0.002577 0.00828064 0.000704 -0.00215399 0.0095 0.000609682 -0.00215399 0.009148 0.00149341 -0.003 0.0109934 0.000352 -0.00215399 0.0101097 0.00121936 -0.002577 0.010204 0.000704 -0.002577 0.0107194 0.000609682 -0.00215399 0.009852 -0.001056 -0.003 0.011329 -1.62435e-18 -0.002577 0.010908 -0.00149341 -0.003 0.0109934 -1.86689e-18 -0.00215399 0.010204 -0.000352 -0.00215399 0.0101097 -0.001408 -0.002577 0.0095 -0.002112 -0.003 0.0095 -0.00204003 -0.003 0.0100466 -0.00121936 -0.002577 0.010204 -0.000609682 -0.00215399 0.009852 -0.000704 -0.002577 0.0107194 -0.000704 -0.00215399 0.0095 -0.00149341 -0.003 0.00800659 -0.001056 -0.003 0.00767095 -0.000546626 -0.003 0.00745996 -0.000704 -0.002577 0.00828064 -0.00121936 -0.002577 0.008796 -0.000609682 -0.00215399 0.009148 -0.000352 -0.00215399 0.00889032 -4.34557e-10 -0.00351907 0.007388 -0.00103548 -0.00345383 0.00765926 -0.000637574 -0.00371733 0.00707025 -0.00180498 -0.00338859 0.00840337 -0.00202396 -0.00335596 0.00889658 -0.00240876 -0.00358663 0.00878719 -0.00209787 -0.00333381 0.00925611 -0.00203627 -0.00328488 0.0100605 -0.00189175 -0.00326041 0.0104391 -0.0024484 -0.00352129 0.0100617 -0.00167757 -0.00323594 0.0107831 -0.00136703 -0.00342327 0.0116075 -0.000313947 -0.00313807 0.0115885 0.000390906 -0.00309537 0.0115755 0.0007166 -0.003075 0.0114867 0.00145592 -0.00327129 0.0115471 0.00109498 -0.00329257 0.0117608 0.00102399 -0.00305462 0.0113472 0.00127106 -0.00303685 0.0111867 0.00149341 -0.00301907 0.0109934 -0.000637811 -0.00381731 0.00707031 -4.34571e-10 -0.00408098 0.007388 -0.00123381 -0.00378463 0.00731187 -0.00174895 -0.00375194 0.00769684 -0.00240911 -0.00368657 0.00878836 -0.0018053 -0.00395045 0.0084039 -0.00204893 -0.00384977 0.0100123 -0.00222476 -0.00358851 0.0106665 -0.00244802 -0.0036212 0.0100634 -0.00170724 -0.00380083 0.0107433 -0.00191333 -0.0038253 0.0103943 -0.000753239 -0.0037274 0.0114731 -0.00136498 -0.00352314 0.0116088 -0.000784817 -0.00349046 0.0118863 0.00079492 -0.00363184 0.0114567 0.00111245 -0.00361034 0.0112953 0.00149341 -0.00358096 0.0109934 -0.00123339 -0.00368465 0.00731163 -0.00174843 -0.00365198 0.00769633 -0.00214896 -0.00361931 0.00819916 -0.00214947 -0.00371926 0.0082 -0.0025108 -0.00355396 0.00942189 -0.00251085 -0.00365389 0.00942336 -0.00222566 -0.00348861 0.0106647 -0.00185716 -0.00345594 0.0111915 -0.00185568 -0.00355583 0.0111931 -0.000787366 -0.00339059 0.0118854 -0.000156139 -0.00335792 0.0120072 -0.000153214 -0.00345777 0.0120073 0.000485312 -0.00332525 0.0119647 0.000488427 -0.00342509 0.0119641 0.00109805 -0.0033924 0.0117593 0.00177626 -0.00325 0.0112763 0.00145731 -0.0033712 0.0115461 0.00177626 -0.00335 0.0112763</float_array>
                    <technique_common>
                        <accessor count="1943" source="#shape0-lib-positions-array" stride="3">
                            <param name="X" type="float"/>
                            <param name="Y" type="float"/>
                            <param name="Z" type="float"/>
                        </accessor>
                    </technique_common>
                </source>
                <source id="shape0-lib-normals" name="normal">
                    <float_array id="shape0-lib-normals-array" count="11646">0 0.978106 0.208108 -0.0646968 0.372286 -0.92586 -0.0248015 0.588448 -0.808155 -0.0035422 0.756208 -0.654322 0.00157981 0.871327 -0.490701 -0.00663692 0.942734 -0.333479 -0.0272358 0.984113 -0.175443 -0.0687523 0.997627 -0.0035412 -0.14307 0.975999 0.164188 -0.241945 0.929805 0.277355 0.0890658 0.994825 0.0488833 0 0.599441 -0.800419 0.0646968 0.372286 -0.92586 0.0248015 0.588448 -0.808155 0.00354219 0.756208 -0.654322 -0.00157981 0.871327 -0.490701 0.00663692 0.942734 -0.333479 0.0272358 0.984113 -0.175443 0.0687523 0.997627 -0.0035412 0.14307 0.975999 0.164188 0.241945 0.929805 0.277355 0 0.972337 -0.233584 -0.0890658 0.994825 0.0488833 0 0.59944 -0.800419 -7.37294e-15 1.31134e-07 -1 7.31651e-15 1.31134e-07 -1 -7.86314e-15 1.31134e-07 -1 -6.04282e-14 1.31134e-07 -1 -1.90886e-14 1.31134e-07 -1 1.65965e-14 1.31134e-07 -1 0 1.31134e-07 -1 0 1.31134e-07 -1 2.22045e-16 1.31134e-07 -1 2.22045e-16 1.31134e-07 -1 -3.51036e-15 1.31134e-07 -1 2.24968e-14 1.31134e-07 -1 -1.65965e-14 1.31134e-07 -1 1.90886e-14 1.31134e-07 -1 4.58568e-14 1.31134e-07 -1 -1.85564e-14 1.31134e-07 -1 6.31633e-14 1.31134e-07 -1 5.10495e-15 1.31134e-07 -1 2.6475e-14 1.31134e-07 -1 0 1.31134e-07 -1 -2.5162e-13 1.31134e-07 -1 -2.72275e-14 1.31134e-07 -1 0 1.31134e-07 -1 -2.21188e-14 1.31134e-07 -1 4.02855e-15 1.31134e-07 -1 3.76551e-14 1.31134e-07 -1 -5.10495e-15 1.31134e-07 -1 -1.19137e-13 1.31134e-07 -1 0 1.31134e-07 -1 3.06341e-14 1.31134e-07 -1 0 1.31134e-07 -1 8.83766e-14 1.31134e-07 -1 0 1.31134e-07 -1 0 1.31134e-07 -1 -8.30687e-15 1.31134e-07 -1 0 1.31134e-07 -1 3.48827e-16 1.31134e-07 -1 -4.77779e-14 1.31134e-07 -1 2.22045e-16 1.31134e-07 -1 3.82888e-16 1.31134e-07 -1 3.48827e-16 1.31134e-07 -1 1.91805e-16 1.31134e-07 -1 4.06779e-14 1.31134e-07 -1 1.38764e-16 1.31134e-07 -1 3.08167e-16 1.31134e-07 -1 9.83331e-15 1.31134e-07 -1 0 1.31134e-07 -1 1.18965e-16 1.31134e-07 -1 -2.75008e-14 1.31134e-07 -1 -3.50113e-14 1.31134e-07 -1 0 1.31134e-07 -1 0 1.31134e-07 -1 -3.32193e-14 1.31134e-07 -1 2.9956e-14 1.31134e-07 -1 2.56632e-15 1.31134e-07 -1 -3.68668e-15 1.31134e-07 -1 0 1.31134e-07 -1 2.22045e-16 1.31134e-07 -1 0 1.31134e-07 -1 -3.06341e-14 1.31134e-07 -1 4.71341e-13 1.31134e-07 -1 0 1.31134e-07 -1 0 1.31134e-07 -1 0 1.31134e-07 -1 0 1.31134e-07 -1 -1.60052e-13 1.31134e-07 -1 0 1.31134e-07 -1 0 1.31134e-07 -1 0 1.31134e-07 -1 1.45484e-13 1.31134e-07 -1 2.92195e-14 1.31134e-07 -1 -4.91558e-15 1.31134e-07 -1 3.32193e-14 1.31134e-07 -1 0 1.31134e-07 -1 -2.9956e-14 1.31134e-07 -1 2.56632e-14 1.31134e-07 -1 0.0490561 -0.372619 -0.926687 0.125167 -0.950739 0.283599 0.0490561 0.372619 -0.926687 0.125167 0.950739 0.283599 0.18356 -0.443151 -0.877453 0.292 -0.380543 -0.877453 0.155797 -0.581441 -0.798532 0.198591 -0.741151 -0.641293 0.156928 -0.490908 -0.856961 0.227357 -0.848509 -0.477851 0.244917 -0.914042 -0.32333 0.232999 -0.793641 -0.562002 0.380543 -0.291999 -0.877453 0.44315 -0.18356 -0.877453 0.381196 -0.381196 -0.842247 0.270688 -0.934102 -0.232767 0.255065 -0.951915 -0.169703 0.258818 -0.96592 -0.00342865 0.585991 -0.585991 -0.55967 0.585991 -0.585991 -0.55967 0.47556 -0.0626081 -0.877453 0.47556 0.0626083 -0.877453 0.520723 -0.139527 -0.842247 0.687877 -0.687878 -0.231623 0.687877 -0.687877 -0.231624 0.800477 -0.214487 -0.559671 0.800478 -0.214488 -0.559669 0.44315 0.18356 -0.877453 0.380543 0.292 -0.877453 0.520723 0.139527 -0.842247 0.314799 -0.943092 0.107143 0.366972 -0.885947 0.2836 0.583766 -0.760781 0.2836 0.255468 -0.953421 0.160389 0.250892 -0.93634 0.245602 0.939658 -0.25178 -0.231624 0.939658 -0.251781 -0.231622 0.800478 0.214487 -0.559669 0.800477 0.214488 -0.559671 0.292 0.380543 -0.877453 0.18356 0.443151 -0.877453 0.155797 0.581442 -0.798532 0.198591 0.741151 -0.641293 0.381196 0.381196 -0.842247 0.156928 0.490908 -0.856961 0.703149 -0.70315 0.105645 0.760781 -0.583766 0.283599 0.885947 -0.366973 0.283599 0.685449 -0.685449 0.245602 0.70315 -0.70315 0.105644 0.939658 0.251781 -0.231622 0.939658 0.251781 -0.231624 0.227357 0.848509 -0.477851 0.244917 0.914042 -0.32333 0.232999 0.793641 -0.562001 0.585991 0.585991 -0.55967 0.58599 0.585991 -0.55967 0.950739 -0.125167 0.2836 0.950739 0.125167 0.2836 0.93634 -0.250892 0.245602 0.96052 -0.257372 0.105645 0.96052 -0.257371 0.105645 0.687877 0.687878 -0.231623 0.255065 0.951915 -0.169703 0.258818 0.96592 -0.00342865 0.270688 0.934102 -0.232767 0.687877 0.687878 -0.231623 0.885947 0.366973 0.283599 0.760781 0.583767 0.283599 0.96052 0.257372 0.105645 0.96052 0.257371 0.105645 0.93634 0.250892 0.245602 0.255468 0.953421 0.16039 0.250892 0.93634 0.245602 0.583766 0.760781 0.2836 0.366972 0.885947 0.2836 0.70315 0.70315 0.105645 0.703149 0.70315 0.105645 0.314799 0.943092 0.107143 0.685449 0.685449 0.245602 0 0 1 0 0 1 0 0 1 0 0 1 0 0 1 0 0 1 0 0 1 0 0 1 0 0 1 0 0 1 0 0 1 0 0 1 0 0 1 0 0 1 0 0 1 0 0 1 0 0 1 0 0 1 0 0 1 0 0 1 0 0 1 0 0 1 0 0 1 0 0 1 0 0 1 0 0 1 0 0 1 0 0 1 0 0 1 0 0 1 0 0 1 0 0 1 0 0 1 0 0 1 0 0 1 0 0 1 0 0 1 0 0 1 0 0 1 0 0 1 0 0 1 0 0 1 0 0 1 0 0 1 0 0 1 0 0 1 0 0 1 0 0 1 0 0 1 0 0 1 0 0 1 0 0 1 0 0 1 0 0 1 0 0 1 0 0 1 0 0 1 0 0 1 0 0 1 0 0 1 0 0 1 0 0 1 0 0 1 0 0 1 0 0 1 0 0 1 0 0 1 0 0 1 0 0 1 0 0 1 0 0 1 0 0 1 0 0 1 0 0 1 0 0 1 0 0 1 0 0 1 0 0 1 0 0 1 0 0 1 0 0 1 0 0 1 0 0 1 0 0 1 0 0 1 0 0 1 0 0 1 0 0 1 0 0 1 0 0 1 0 0 1 0 0 1 0 0 1 0 0 1 0 0 1 0 0 1 0 0 1 0 0 1 0 0 1 0 0 1 0 0 1 0 0 1 0 0 1 0 0 1 0 0 1 0 0 1 0 0 1 0 0 1 0 0 1 0 0 1 0 0 1 0 0 1 0 0 1 0 0 1 0 0 1 0 0 1 0 0 1 0 0 1 0 0 1 0 0 1 0 0 1 0 0 1 0 0 1 0 0 1 0 0 1 0 0 1 0 0 1 0 0 1 -0.0490561 0.372619 -0.926687 -0.125167 0.950739 0.283599 -0.0490561 -0.372619 -0.926687 -0.125167 -0.950739 0.283599 -0.18356 0.443151 -0.877453 -0.292 0.380543 -0.877453 -0.155797 0.581442 -0.798532 -0.198591 0.741151 -0.641293 -0.156928 0.490908 -0.856961 -0.227357 0.848509 -0.477851 -0.244917 0.914042 -0.32333 -0.232999 0.793641 -0.562001 -0.380543 0.292 -0.877453 -0.44315 0.18356 -0.877453 -0.381196 0.381196 -0.842247 -0.270688 0.934102 -0.232767 -0.255065 0.951915 -0.169703 -0.258818 0.96592 -0.00342865 -0.58599 0.585991 -0.55967 -0.58599 0.585991 -0.55967 -0.47556 0.0626083 -0.877453 -0.47556 -0.0626081 -0.877453 -0.520723 0.139527 -0.842247 -0.687877 0.687878 -0.231623 -0.687877 0.687878 -0.231623 -0.800477 0.214487 -0.559671 -0.800478 0.214488 -0.559669 -0.939658 0.251781 -0.231624 -0.44315 -0.18356 -0.877453 -0.380543 -0.291999 -0.877453 -0.520723 -0.139527 -0.842247 -0.314799 0.943092 0.107143 -0.366972 0.885947 0.2836 -0.583766 0.760781 0.2836 -0.255468 0.953421 0.16039 -0.250892 0.93634 0.245602 -0.939658 0.251781 -0.231622 -0.800478 -0.214487 -0.559669 -0.800477 -0.214488 -0.559671 -0.292 -0.380543 -0.877453 -0.18356 -0.443151 -0.877453 -0.155797 -0.581441 -0.798532 -0.198591 -0.741151 -0.641293 -0.381196 -0.381196 -0.842247 -0.156928 -0.490908 -0.856961 -0.585991 -0.585991 -0.55967 -0.703149 0.70315 0.105645 -0.685449 0.685449 0.245602 -0.760781 0.583767 0.283599 -0.885947 0.366973 0.283599 -0.70315 0.70315 0.105645 -0.939658 -0.251781 -0.231624 -0.939658 -0.251781 -0.231622 -0.227357 -0.848509 -0.477851 -0.244917 -0.914042 -0.32333 -0.232999 -0.793641 -0.562002 -0.58599 -0.585991 -0.55967 -0.93634 0.250892 0.245602 -0.950739 0.125167 0.2836 -0.950739 -0.125167 0.2836 -0.96052 0.257372 0.105645 -0.96052 0.257371 0.105645 -0.255065 -0.951915 -0.169703 -0.258818 -0.96592 -0.00342865 -0.270688 -0.934102 -0.232767 -0.687877 -0.687878 -0.231624 -0.687877 -0.687878 -0.231623 -0.96052 -0.257371 0.105645 -0.96052 -0.257372 0.105645 -0.885947 -0.366973 0.283599 -0.760781 -0.583766 0.283599 -0.93634 -0.250892 0.245602 -0.255468 -0.953421 0.160389 -0.250892 -0.93634 0.245602 -0.583766 -0.760781 0.2836 -0.366972 -0.885947 0.2836 -0.70315 -0.70315 0.105645 -0.703149 -0.70315 0.105644 -0.685449 -0.685449 0.245602 -0.314799 -0.943092 0.107143 0.00178958 -0.942753 -0.333486 -0.00176771 -0.984476 -0.175508 0.00316036 -0.987419 -0.158093 -0.00739228 -0.999966 -0.00354951 -0.00353301 -0.999914 -0.0126461 -0.0205165 -0.985936 0.165859 0.00703161 -0.992726 0.120187 0.0376155 -0.957597 0.285645 -0.00178958 -0.942753 -0.333486 0.00353301 -0.999914 -0.0126461 -0.00316036 -0.987419 -0.158093 0.00176771 -0.984476 -0.175508 0 -0.96388 0.266336 -0.00703161 -0.992726 0.120187 0.00739228 -0.999966 -0.00354951 0.0205165 -0.985936 0.165859 0 -0.96388 0.266336 -0.0376155 -0.957597 0.285645 0.142406 -0.369266 -0.918348 0.0208665 -0.588501 -0.808227 -0.0085702 -0.756185 -0.654302 0.0345994 -0.870806 -0.490408 0.0384017 -0.873891 -0.484603 0 -0.511483 -0.859293 0 -0.89225 -0.451542 -4.03184e-08 -0.511483 -0.859293 -2.02178e-08 -0.89225 -0.451542 -0.142406 -0.369266 -0.918348 -0.0208663 -0.588501 -0.808227 0.00857043 -0.756185 -0.654302 -0.0345992 -0.870806 -0.490408 0 -0.511483 -0.859293 0 -0.89225 -0.451542 -0.0384017 -0.873891 -0.484603 -0.991445 0.130529 1.71168e-08 -0.991445 0.130529 1.48464e-08 -0.923882 0.382678 4.28897e-08 -0.923882 0.382678 4.45496e-08 -0.793349 0.608767 7.2582e-08 -0.793349 0.608767 7.08698e-08 -0.608766 0.79335 5.9386e-08 -0.382682 0.92388 7.17025e-08 -0.608766 0.79335 9.23581e-08 -0.382682 0.92388 1.08873e-07 -0.130526 0.991445 1.15472e-07 0.130526 0.991445 1.15419e-07 -0.130526 0.991445 1.15419e-07 0.130526 0.991445 1.15472e-07 0.382686 0.923879 7.25828e-08 0.382685 0.923879 1.07554e-07 0.608761 0.793354 9.23775e-08 0.608761 0.793354 6.15724e-08 0.793354 0.60876 6.59841e-08 0.923878 0.382687 4.45506e-08 0.793354 0.60876 7.0869e-08 0.923878 0.382687 4.61887e-08 0.991446 0.130519 1.51944e-08 0.991446 0.130519 1.81456e-08 0.991446 -0.130519 -1.71155e-08 0.991446 -0.130519 -1.48464e-08 0.923878 -0.382687 -4.45506e-08 0.923878 -0.382687 -4.28895e-08 0.793354 -0.60876 -7.0869e-08 0.793354 -0.60876 -7.91809e-08 0.608761 -0.793354 -1.07752e-07 0.608761 -0.793354 -9.23775e-08 0.382685 -0.923879 -1.07554e-07 0.382685 -0.923879 -1.05575e-07 0.130526 -0.991445 -1.15419e-07 0.130526 -0.991445 -1.15472e-07 -0.130526 -0.991445 -1.15419e-07 -0.130526 -0.991445 -1.15472e-07 -0.382682 -0.92388 -1.07554e-07 -0.382682 -0.92388 -1.08873e-07 -0.608766 -0.79335 -1.05575e-07 -0.608766 -0.79335 -9.23581e-08 -0.793349 -0.608767 -6.59837e-08 -0.923882 -0.382678 -4.45496e-08 -0.793349 -0.608767 -8.26814e-08 -0.923882 -0.382678 -4.61889e-08 -0.991445 -0.130529 -1.81456e-08 -0.991445 -0.130529 -1.51956e-08 -0.991445 0.130529 1.71168e-08 -0.991445 0.130529 1.48464e-08 -0.923878 0.382687 4.61887e-08 -0.923878 0.382687 4.45506e-08 -0.793357 0.608757 7.25827e-08 -0.793357 0.608757 7.08687e-08 -0.608761 0.793354 5.93855e-08 -0.382684 0.923879 7.17025e-08 -0.608761 0.793354 9.23585e-08 -0.382684 0.92388 1.08874e-07 -0.130527 0.991445 1.15472e-07 0.130527 0.991445 1.15419e-07 -0.130527 0.991445 1.15419e-07 0.130527 0.991445 1.15472e-07 0.382682 0.92388 7.25821e-08 0.382682 0.92388 1.07554e-07 0.608763 0.793352 9.23779e-08 0.608763 0.793352 6.15722e-08 0.793354 0.60876 6.59841e-08 0.923876 0.382691 4.45511e-08 0.793354 0.60876 7.0869e-08 0.923876 0.382691 4.61886e-08 0.991445 0.130524 1.5195e-08 0.991445 0.130524 1.6496e-08 0.991445 -0.130524 -1.71161e-08 0.991445 -0.130524 -1.48464e-08 0.923876 -0.382691 -4.45511e-08 0.923876 -0.382691 -4.28894e-08 0.793354 -0.60876 -7.0869e-08 0.793354 -0.60876 -7.91809e-08 0.608763 -0.793352 -1.07751e-07 0.608763 -0.793352 -9.23779e-08 0.382682 -0.92388 -1.07554e-07 0.382682 -0.92388 -1.05574e-07 0.130527 -0.991445 -1.15419e-07 0.130527 -0.991445 -1.15472e-07 -0.130527 -0.991445 -1.15419e-07 -0.130527 -0.991445 -1.15472e-07 -0.382684 -0.92388 -1.07554e-07 -0.382684 -0.92388 -1.08874e-07 -0.608761 -0.793354 -1.05574e-07 -0.608761 -0.793354 -9.23586e-08 -0.793357 -0.608757 -6.59843e-08 -0.923878 -0.382687 -4.45506e-08 -0.793357 -0.608757 -8.26801e-08 -0.923878 -0.382687 -4.28895e-08 -0.991445 -0.130529 -1.81456e-08 -0.991445 -0.130529 -1.51956e-08 -0.991445 -0.130526 -1.71164e-08 -0.991445 -0.130526 0 -0.92388 -0.382682 -3.49237e-07 -0.92388 -0.382683 0 -0.793354 -0.608761 0 -0.793354 -0.608761 -5.57978e-07 -0.608762 -0.793353 0 -0.608762 -0.793353 0 -0.382683 -0.92388 0 -0.382683 -0.92388 0 -0.130526 -0.991445 0 -0.130526 -0.991445 0 0.130527 -0.991445 0 0.130527 -0.991445 0 0.382683 -0.92388 0 0.382683 -0.92388 0 0.608761 -0.793353 0 0.608761 -0.793353 0 0.793354 -0.608761 -5.23856e-07 0.793354 -0.608761 0 0.923879 -0.382684 0 0.923879 -0.382684 -3.5076e-07 0.991445 -0.130527 0 0.991445 -0.130527 0 0.991445 0.130527 1.71166e-08 0.991445 0.130527 0 0.923879 0.382684 0 0.923879 0.382684 5.23856e-07 0.793353 0.608761 7.43971e-07 0.793354 0.608761 0 0.608761 0.793353 0 0.608761 0.793353 0 0.382684 0.923879 0 0.382684 0.923879 0 0.130527 0.991445 0 0.130527 0.991445 0 -0.130526 0.991445 0 -0.130526 0.991445 0 -0.382684 0.923879 0 -0.382684 0.923879 0 -0.608762 0.793353 0 -0.608762 0.793353 0 -0.793354 0.608761 6.98475e-07 -0.793353 0.608761 0 -0.92388 0.382683 0 -0.92388 0.382682 4.67678e-07 -0.991445 0.130526 0 -0.991445 0.130526 0 -0.991445 -0.130525 -1.71163e-08 -0.991445 -0.130525 0 -0.923879 -0.382684 -1.96457e-07 -0.923879 -0.382685 0 -0.793354 -0.608761 0 -0.793354 -0.608761 -3.71985e-07 -0.608762 -0.793353 0 -0.608762 -0.793353 0 -0.382683 -0.92388 0 -0.382683 -0.92388 0 -0.130526 -0.991445 0 -0.130526 -0.991445 0 0.130527 -0.991445 0 0.130527 -0.991445 0 0.382683 -0.92388 0 0.382683 -0.92388 0 0.608762 -0.793353 0 0.608762 -0.793353 0 0.793353 -0.608762 -3.92914e-07 0.793353 -0.608761 0 0.92388 -0.382683 0 0.92388 -0.382683 -2.3384e-07 0.991445 -0.130526 0 0.991445 -0.130526 0 0.991445 0.130526 1.71164e-08 0.991445 0.130526 0 0.92388 0.382683 0 0.92388 0.382684 3.438e-07 0.793353 0.608762 5.57978e-07 0.793353 0.608762 0 0.608762 0.793353 0 0.608762 0.793353 0 0.382683 0.92388 0 0.382683 0.92388 0 0.130526 0.991445 0 0.130526 0.991445 0 -0.130526 0.991445 0 -0.130526 0.991445 0 -0.382684 0.923879 0 -0.382684 0.923879 0 -0.608762 0.793353 0 -0.608762 0.793353 0 -0.793354 0.608761 5.89371e-07 -0.793354 0.608761 0 -0.923879 0.382685 0 -0.923879 0.382684 3.50761e-07 -0.991445 0.130525 0 -0.991445 0.130525 0 -0.991445 -0.130526 -1.71165e-08 -0.991445 -0.130526 0 -0.92388 -0.382683 -3.57534e-07 -0.92388 -0.382683 0 -0.793353 -0.608762 0 -0.793353 -0.608761 -5.57978e-07 -0.608762 -0.793353 0 -0.608762 -0.793353 0 -0.382683 -0.92388 0 -0.382683 -0.92388 0 -0.130526 -0.991445 0 -0.130526 -0.991445 0 0.130526 -0.991445 0 0.130526 -0.991445 0 0.382683 -0.92388 0 0.382683 -0.92388 0 0.608762 -0.793353 0 0.608762 -0.793353 0 0.793354 -0.608761 -6.25685e-07 0.793354 -0.608761 0 0.923879 -0.382684 0 0.923879 -0.382684 -3.5076e-07 0.991445 -0.130527 0 0.991445 -0.130527 0 0.991445 0.130527 1.71165e-08 0.991445 0.130527 0 0.923879 0.382684 0 0.923879 0.382684 8.93835e-08 0.793353 0.608761 1.85993e-07 0.793353 0.608761 0 0.608762 0.793353 0 0.608762 0.793353 0 0.382683 0.92388 0 0.382683 0.92388 0 0.130526 0.991445 0 0.130526 0.991445 0 -0.130526 0.991445 0 -0.130526 0.991445 0 -0.382683 0.92388 0 -0.382683 0.92388 0 -0.608762 0.793353 0 -0.608762 0.793353 0 -0.793353 0.608762 1.78767e-07 -0.793353 0.608762 0 -0.92388 0.382683 0 -0.92388 0.382683 1.1692e-07 -0.991445 0.130526 0 -0.991445 0.130526 0 -0.991445 -0.130528 -1.71167e-08 -0.991445 -0.130528 0 -0.92388 -0.382682 -1.96457e-07 -0.92388 -0.382682 0 -0.793353 -0.608762 0 -0.793353 -0.608761 -3.71985e-07 -0.608762 -0.793353 0 -0.608762 -0.793353 0 -0.382683 -0.92388 0 -0.382683 -0.92388 0 -0.130527 -0.991445 0 -0.130527 -0.991445 0 0.130526 -0.991445 0 0.130526 -0.991445 0 0.382683 -0.92388 0 0.382683 -0.92388 0 0.608762 -0.793353 0 0.608762 -0.793353 0 0.793353 -0.608762 -3.92914e-07 0.793353 -0.608761 0 0.92388 -0.382683 0 0.92388 -0.382683 -2.3384e-07 0.991445 -0.130528 0 0.991445 -0.130528 0 0.991445 0.130528 1.71167e-08 0.991445 0.130528 0 0.92388 0.382683 0 0.92388 0.382684 3.438e-07 0.793353 0.608762 5.57978e-07 0.793353 0.608762 0 0.608762 0.793353 0 0.608762 0.793353 0 0.382683 0.92388 0 0.382683 0.92388 0 0.130526 0.991445 0 0.130526 0.991445 0 -0.130527 0.991445 0 -0.130527 0.991445 0 -0.382683 0.92388 0 -0.382683 0.92388 0 -0.608762 0.793353 0 -0.608762 0.793353 0 -0.793353 0.608762 0 -0.793353 0.608762 5.89371e-07 -0.92388 0.382682 3.50759e-07 -0.92388 0.382682 0 -0.991445 0.130528 0 -0.991445 0.130528 0 1 0 0 1 0 0 1 0 0 1 0 0 1 0 0 0 0 -1 0 0 -1 -1 0 0 -1 0 0 -1 0 0 -1 0 0 -1 0 0 0 1 0 0 1 0 0 0 -1 0 0 -1 0 0 -1 0 0 -1 0 0 -1 0 0 -1 0 0 -1 0 0 -1 0 0 -1 0 0 -1 0 0 -1 0 0 -1 0 0 -1 0 0 -1 0 0 -1 0 0 -1 0 0 -1 0 0 -1 0 0 -1 0 0 -1 0 0 -1 0 0 -1 0 0 -1 0 0 -1 0 0 -1 0 0 -1 0 0 -1 0 0 -1 0 0 -1 0 0 -1 0 0 -1 0 0 -1 0 0 -1 0 0 -1 0 0 -1 0 0 -1 0 0 -1 0 0 -1 0 0 -1 0 0 -1 0 0 -1 0 0 -1 0 0 -1 0 0 -1 0 0 1 0 0 1 0 0 1 0 0 1 0 0 1 0 0 1 0 0 1 0 0 1 0 0 1 0 0 1 0 0 1 0 0 1 0 0 1 0 0 1 0 0 1 0 0 1 0 0 1 0 0 1 0 0 1 0 0 1 0 0 1 0 0 1 0 0 1 0 0 1 0 0 1 0 0 1 0 0 1 0 0 1 0 0 1 0 0 1 0 0 1 0 0 1 0 0 1 0 0 1 0 0 1 0 0 1 0 0 1 0 0 1 0 0 1 0 0 1 0 0 1 0 0 1 0 0 1 0 0 1 0 0 1 0 0 1 0 0 1 0 0 1 0 0 1 0 0 1 0 0 1 0 0 1 0 0 1 0 0 1 0 0 1 0 0 1 0 0 1 0 0 1 0 0 1 0 0 1 0 0 1 0 0 1 0 0 1 0 0 1 0 0 1 0 0 1 0 0 1 0 0 1 0 0 1 0 0 1 0 0 1 0 0 1 0 0 1 0 0 1 0 0 1 0 0 1 0 0 1 0 0 1 0 0 1 0 0 1 0 0 1 0 0 1 0 0 1 0 0 1 0 0 1 0 0 1 0 0 1 0 0 1 0 -1 0 0 -1 0 0 -1 0 0 -1 0 0 -1 0 0 -1 0 0 -1 0 0 -1 0 7.37782e-08 -1 -3.23938e-07 0 -1 0 1.50394e-07 -1 -2.53116e-08 1.44491e-07 -1 -4.99066e-08 -1.83991e-06 -1 -8.92656e-06 0 -1 0 0 -1 0 0 -1 0 0 -1 0 0 -1 0 0 -1 0 0 -1 0 0 -1 0 0 -1 0 -6.99568e-08 -1 -3.23938e-07 -1.55344e-07 -1 -5.89569e-09 -1.49176e-07 -1 -3.02505e-08 -1.43353e-07 -1 -5.48549e-08 2.04672e-06 -1 -9.9948e-06 0 -1 0 0 -1 0 0 -1 0 0 -1 0 0 -1 0 0 -1 0 0 -1 0 0 -1 0 0 -1 0 0 -1 0 0 0 1 0 0 1 -0.0534244 -1.23959e-08 0.998572 -0.0729428 0.0196695 0.997142 -0.219312 0.0240621 0.975358 -0.16038 -0.0120326 0.986982 -0.367231 0.0291399 0.929673 -0.292292 -0.0291794 0.955884 -0.512577 0.0291425 0.858146 -0.442954 -0.0291817 0.896069 -0.644457 0.0291417 0.764085 -0.58197 -0.0291816 0.812687 -0.759417 0.0291421 0.649951 -0.705676 -0.0291866 0.707933 -0.810825 -0.0291849 0.584561 -0.85443 0.0291459 0.518748 -0.894648 -0.029184 0.445818 -0.927002 0.0291486 0.373923 -0.954943 -0.0291842 0.295351 -0.975227 0.0291478 0.21928 -0.990125 -0.0291863 0.137118 -0.99784 0.0291472 0.0588792 -0.999268 -0.0291917 -0.0247262 -0.994247 0.0291511 -0.103071 -0.982128 -0.0291994 -0.185933 -0.96454 0.0291549 -0.262322 -0.939155 -0.0291971 -0.342252 -0.909497 0.0291539 -0.414686 -0.871476 -0.0292009 -0.489568 -0.830564 0.0291547 -0.556159 -0.780874 -0.029202 -0.624006 -0.722375 0.0370295 -0.690509 -0.669882 -0.026957 -0.741978 -0.570646 0.0409682 -0.820174 -0.536913 -0.0118644 -0.843554 -0.377639 0.0154065 -0.925825 -0.379903 0.0104806 -0.924967 -0.196758 -0.00902261 -0.980411 -0.173684 0.0312854 -0.984304 -0.0092503 -0.0262313 -0.999613 0.040792 0.0448747 -0.998159 0.253658 0.0512463 -0.965936 0.178053 -0.0362284 -0.983354 0.455156 0.0503995 -0.888984 0.358616 -0.038982 -0.932671 0.52628 -0.034533 -0.84961 0.635992 0.0423434 -0.770533 0.676202 -0.024361 -0.736313 0.787466 0.028502 -0.615698 0.803423 -0.00924666 -0.595337 0.902027 0.0112971 -0.431533 0.901848 0.0104203 -0.431927 0.973031 0.0291185 -0.228828 0.968074 -0.00996777 -0.250466 0.999332 0.025253 -0.0264266 0.997882 -0.0252297 -0.0599554 0.989021 -0.00107545 0.14777 0.990954 -0.0252472 0.131807 0.954674 0.00105536 0.297651 0.947443 -0.0268546 0.318796 0.87442 0.0249943 0.484526 0.870676 0.0407895 0.490163 0.728839 0.0545476 0.682509 0.759766 -0.0179209 0.64995 0.551081 0.0486159 0.833034 0.593482 -0.0644508 0.802262 0.343334 0.033076 0.938631 0.371346 -0.0561314 0.926796 0.116622 3.54726e-08 0.993176 0.125485 -0.0372827 0.991395 0.334443 -0.912244 0.236554 0.232723 -0.952729 0.195314 0.480144 -0.837593 0.260577 0.431272 -0.881937 0.190243 0.502935 -0.845959 0.177228 0.464748 -0.876871 0.122911 0.519972 -0.849412 0.0901532 0.475901 -0.878533 0.0411995 0.519907 -0.854222 0.000682508 0.47777 -0.876628 -0.0570942 0.500795 -0.861453 -0.0842849 0.465191 -0.869899 -0.16393 0.470275 -0.867443 -0.162431 0.415579 -0.872502 -0.256973 0.447285 -0.859484 -0.247432 0.353514 -0.869969 -0.343776 0.392883 -0.854199 -0.34057 0.275305 -0.864884 -0.419741 0.295593 -0.856115 -0.4239 0.180077 -0.861528 -0.474701 0.178374 -0.862381 -0.473795 0.0739184 -0.865722 -0.495037 0.0613918 -0.859182 -0.507974 -0.0331669 -0.868186 -0.495128 -0.0611459 -0.857237 -0.511279 -0.137387 -0.869937 -0.47364 -0.181281 -0.855859 -0.4844 -0.234697 -0.871015 -0.431567 -0.291464 -0.855077 -0.428826 -0.317699 -0.869657 -0.377841 -0.385309 -0.864831 -0.321877 -0.383609 -0.855766 -0.347143 -0.433961 -0.863758 -0.256127 -0.461299 -0.868652 -0.180688 -0.453844 -0.856372 -0.246279 -0.48952 -0.865749 -0.104156 -0.505464 -0.862536 -0.023205 -0.50083 -0.855376 -0.132294 -0.492546 -0.868474 0.0561336 -0.51521 -0.857 -0.0104541 -0.480129 -0.866539 0.136335 -0.506083 -0.8551 0.112624 -0.466197 -0.856499 0.221517 -0.40948 -0.868178 0.280346 -0.45763 -0.860413 0.224199 -0.35988 -0.867206 0.344151 -0.398023 -0.854942 0.332645 -0.307027 -0.85826 0.411246 -0.231057 -0.867757 0.440011 -0.304445 -0.85937 0.410849 -0.160185 -0.867767 0.470448 -0.20514 -0.856849 0.472998 -0.0892095 -0.862575 0.498002 -0.0985135 -0.858698 0.502925 0.252307 0.22287 -0.941632 0.0436355 -0.184974 -0.981774 0 0.202187 -0.979347 -0.191263 -0.165609 -0.967467 -0.254532 0.18118 -0.949941 -0.416687 -0.146065 -0.897239 -0.487465 0.126516 -0.863928 -0.618527 -0.133501 -0.77434 -0.671508 0.112749 -0.732369 -0.785954 -0.11866 -0.606791 -0.821202 0.0966852 -0.562387 -0.909179 -0.101511 -0.403843 -0.928617 0.0783052 -0.362684 -0.980804 -0.0820446 -0.176897 -0.987959 0.0576121 -0.143589 -0.996313 -0.0602354 0.0610898 -0.995914 0.0345884 0.0834236 -0.954408 -0.0361018 0.296315 -0.951878 0.00925913 0.306338 -0.857303 -0.0181045 0.514494 -0.857938 -0.00953057 0.513665 -0.711797 -0.0438313 0.701016 -0.717861 0.0173605 0.69597 -0.526313 -0.0672409 0.847628 -0.539626 0.0419735 0.840858 -0.320421 -0.032188 0.946728 -0.333119 0.0642723 0.940692 -0.108021 -3.72427e-14 0.994149 -0.11249 0.0341687 0.993065 -0.345318 0.792484 -0.502717 -0.480889 0.256099 -0.838546 -0.297608 0.892768 -0.338224 -0.431002 0.801295 -0.414925 -0.376687 0.872623 -0.310863 -0.459794 0.847288 -0.26588 -0.451618 0.85231 -0.263834 -0.454566 0.873563 -0.173943 -0.514785 0.842747 -0.157396 -0.478763 0.87256 -0.0970856 -0.523473 0.851366 -0.0339294 -0.506827 0.861833 -0.0192353 -0.501315 0.861081 0.0849938 -0.492633 0.86683 0.0769366 -0.467377 0.86202 0.196164 -0.462696 0.866404 0.187766 -0.408705 0.8633 0.296096 -0.407693 0.865372 0.291407 -0.326499 0.866649 0.37725 -0.326688 0.863665 0.383871 -0.237781 0.861054 0.449495 -0.214708 0.869531 0.444765 -0.130905 0.858779 0.495341 -0.115826 0.864438 0.489214 -0.0157281 0.855771 0.517116 -0.03929 0.864392 0.501282 0.021943 0.865814 0.499884 -0.0606631 -1.45567e-08 0.998158 -0.116579 -0.026206 0.992836 -0.160238 0.252428 0.954256 -0.341049 0.119588 0.932408 -0.328891 0.0209492 0.944135 -0.546986 0.130738 0.82687 -0.530053 -0.140967 0.836165 -0.721334 -0.152884 0.675502 -0.055043 -8.37131e-09 0.998484 -0.16365 0.0133781 0.986428 -0.0820629 -0.0249887 0.996314 -0.294936 0.0268881 0.955139 -0.241146 -0.0267466 0.97012 -0.445473 0.0169017 0.895136 -0.408359 -0.0348994 0.912154 -0.584732 -0.0013648 0.811225 -0.574644 -0.0207802 0.81814 -0.707571 0.00133848 0.706641 -0.720432 -0.0229714 0.693145 -0.811346 0.0185834 0.584271 -0.839699 -0.0360657 0.541853 -0.89439 0.0275447 0.446439 -0.927693 -0.0408812 0.3711 -0.954559 0.0282285 0.296683 -0.981599 -0.03743 0.187252 -0.990115 0.020631 0.138733 -0.999665 -0.0257029 -0.00303662 -0.999715 0.0047474 -0.023412 -0.982796 -0.00517143 -0.184621 -0.980931 -0.0176682 -0.193552 -0.940574 0.0144683 -0.339279 -0.925154 -0.0331523 -0.378142 -0.873824 0.0258187 -0.485556 -0.784311 0.0288825 -0.619695 -0.83539 -0.0403585 -0.548174 -0.665325 0.0362843 -0.745671 -0.715332 -0.0392727 -0.69768 -0.503509 0.0506027 -0.862507 -0.568938 -0.0381217 -0.821496 -0.307381 0.0509701 -0.950221 -0.401303 -0.040895 -0.915032 -0.108234 0.0386454 -0.993374 -0.219223 -0.0388566 -0.974901 0.0682864 0.0285811 -0.997256 -0.0289125 -0.0389772 -0.998822 0.236225 0.0348069 -0.971075 0.162557 -0.0404419 -0.98587 0.406699 0.0324423 -0.912986 0.347869 -0.0387038 -0.936744 0.564072 0.0288024 -0.825224 0.520361 -0.0357053 -0.8532 0.703215 0.0239025 -0.710576 0.673711 -0.0314303 -0.738326 0.819562 0.0177456 -0.572716 0.802298 -0.0258991 -0.596361 0.909266 0.010325 -0.416088 0.901423 -0.0191142 -0.432518 0.969324 0.0016488 -0.245782 0.96745 -0.0110608 -0.25282 0.997694 -0.00829846 -0.0673666 0.997956 -0.00175514 -0.0638858 0.993381 0.00769886 0.114611 0.99162 -0.012412 0.128589 0.954121 0.01242 0.299163 0.948785 -0.0123679 0.315681 0.879352 0.0123752 0.476011 0.87099 -0.0123258 0.491146 0.76703 0.0134547 0.641471 0.761394 -0.000230457 0.648289 0.598022 -0.000205062 0.80148 0.597865 0.000311061 0.801597 0.375201 -0.000101501 0.926944 0.375093 0.000204118 0.926987 0.127852 1.94441e-08 0.991793 0.127815 9.76431e-05 0.991798 0.107835 0.865539 0.489095 0.116415 0.860134 0.496605 0.229297 0.865245 0.44584 0.238319 0.860491 0.450288 0.3358 0.864955 0.372949 0.344353 0.860845 0.374657 0.431145 0.856318 0.284314 0.416657 0.862508 0.287186 0.494292 0.853079 0.167125 0.453846 0.869104 0.196677 0.482034 0.869723 0.105952 0.516903 0.855339 0.0347336 0.502374 0.864547 0.0133911 0.507797 0.85585 -0.0983011 0.497516 0.863486 -0.0828883 0.470245 0.853059 -0.226185 0.462459 0.869364 -0.174176 0.420402 0.869524 -0.25921 0.393223 0.85576 -0.336231 0.371341 0.86384 -0.340421 0.299449 0.864218 -0.4043 0.294924 0.855248 -0.426112 0.177926 0.853149 -0.490388 0.213055 0.869516 -0.44559 0.126775 0.868577 -0.479064 0.0445179 0.860058 -0.50825 0.039601 0.856179 -0.515159 -0.0872642 0.853857 -0.513141 -0.0576927 0.866544 -0.495755 -0.215365 0.853841 -0.473891 -0.148244 0.869913 -0.470399 -0.235337 0.866807 -0.439615 -0.327176 0.856102 -0.400056 -0.315935 0.860837 -0.39893 -0.421629 0.853509 -0.306188 -0.369903 0.86837 -0.330312 -0.422757 0.865133 -0.269856 -0.484983 0.854082 -0.187979 -0.463353 0.863422 -0.199515 -0.480976 0.868681 -0.118553 -0.515382 0.855022 -0.0576009 -0.505934 0.861551 -0.041954 -0.516133 0.853133 0.0759682 -0.497789 0.866336 0.0408573 -0.481946 0.867875 0.120503 -0.473714 0.856861 0.203432 -0.472851 0.857822 0.201379 -0.41117 0.853274 0.320723 -0.417993 0.868082 0.267798 -0.372383 0.865905 0.333977 -0.31423 0.854544 0.413539 -0.317962 0.862379 0.393957 -0.198298 0.854493 0.480125 -0.243389 0.868706 0.431407 -0.17541 0.862691 0.474337 -0.0873627 0.862117 0.499121 -0.0947781 0.865641 0.491612 -0.0005146 0.859827 0.510586 -0.0278237 0.866061 0.499164 0.0255472 0.86574 0.499842 0.011665 -0.865969 0.499961 0.0215995 -0.860837 0.508422 0.138012 -0.866074 0.480488 0.150237 -0.860749 0.486355 0.255254 -0.866174 0.429637 0.269059 -0.860661 0.432284 0.347265 -0.866267 0.359151 0.406496 -0.869636 0.28017 0.376951 -0.855606 0.354748 0.453126 -0.8693 0.197471 0.458507 -0.853168 0.248747 0.493738 -0.862673 0.109627 0.500772 -0.865386 0.0182963 0.501965 -0.856042 0.123384 0.488898 -0.869547 -0.0697595 0.519719 -0.854293 -0.00868971 0.474181 -0.865922 -0.159159 0.500981 -0.853932 -0.140781 0.44348 -0.861929 -0.245771 0.44579 -0.856137 -0.261343 0.383828 -0.869004 -0.312264 0.367699 -0.853204 -0.36992 0.3225 -0.868068 -0.377429 0.258561 -0.857701 -0.444405 0.255407 -0.859136 -0.443455 0.168788 -0.867514 -0.4679 0.138162 -0.853393 -0.502625 0.086838 -0.868038 -0.488845 -0.0017189 -0.861881 -0.507108 0.00642419 -0.856957 -0.515348 -0.101859 -0.865866 -0.489796 -0.200584 -0.8698 -0.450793 -0.125112 -0.856474 -0.500799 -0.286524 -0.869831 -0.401618 -0.250922 -0.853785 -0.456167 -0.360718 -0.863478 -0.352546 -0.410261 -0.865103 -0.288587 -0.358191 -0.854162 -0.376969 -0.445933 -0.868358 -0.217022 -0.443078 -0.853622 -0.273881 -0.490494 -0.859339 -0.14475 -0.493449 -0.867412 -0.064064 -0.494016 -0.856161 -0.151447 -0.498134 -0.866946 0.0163441 -0.521233 -0.853168 -0.0204836 -0.499855 -0.860308 0.100082 -0.464651 -0.868543 0.172433 -0.505304 -0.855728 0.111347 -0.436605 -0.864383 0.249436 -0.390902 -0.864265 0.31661 -0.463036 -0.853803 0.237946 -0.330667 -0.868547 0.369169 -0.387173 -0.853931 0.347704 -0.272668 -0.86059 0.43016 -0.196994 -0.866909 0.457889 -0.284851 -0.855517 0.432378 -0.133135 -0.866741 0.480661 -0.181198 -0.860074 0.476908 -0.0796174 -0.86328 0.498407 -0.0904386 -0.859753 0.502639 0.128188 4.41957e-14 0.99175 0.12886 0.00329511 0.991657 0.376007 -0.00329862 0.926611 0.377891 0.00657101 0.925827 0.599122 -0.00656261 0.800631 0.601823 0.00982719 0.798569 0.782884 -0.00979389 0.622091 0.785802 0.0130518 0.618341 0.915235 -0.0130057 0.402711 0.917632 0.0162481 0.397099 0.987481 -0.016191 0.156902 0.988566 0.0194138 0.149532 0.994881 -0.0193494 -0.0991826 0.993903 0.0225615 -0.107924 0.936956 -0.0224813 -0.348724 0.933299 0.0256778 -0.358181 0.817517 -0.0255851 -0.575336 0.810787 0.0287685 -0.584634 0.644416 -0.0286624 -0.764138 0.634506 0.0318274 -0.772262 0.429032 -0.0317173 -0.902732 0.416167 0.03486 -0.90862 0.185521 -0.0347414 -0.982026 0.17027 0.0378671 -0.98467 -0.0701199 -0.0377384 -0.996825 -0.0868657 0.040857 -0.995382 -0.321102 -0.0406989 -0.94617 -0.338173 0.0438126 -0.940064 -0.550942 -0.0436404 -0.833402 -0.566986 0.0467485 -0.8224 -0.744553 -0.0465488 -0.665938 -0.758126 0.0496492 -0.650216 -0.889224 -0.0494379 -0.454793 -0.898921 0.0525094 -0.434953 -0.975466 -0.052304 -0.213848 -0.980047 0.0553539 -0.190905 -0.997634 -0.055134 0.0410671 -0.99614 0.0581745 0.0657264 -0.954292 -0.0579383 0.293207 -0.946158 0.0609656 0.317913 -0.848303 -0.0607159 0.526018 -0.833437 0.063726 0.548928 -0.686654 -0.063466 0.724209 -0.665481 0.06646 0.74345 -0.479976 -0.0661877 0.874781 -0.453451 0.0691751 0.888593 -0.275897 -0.0477117 0.960002 -0.255578 0.0238679 0.966494 -0.0936028 -0.0256221 0.99528 -0.0864648 -9.27836e-06 0.996255 -0.0587629 -8.93723e-09 0.998272 -0.174616 0.0143194 0.984532 -0.0819181 -0.0227804 0.996379 -0.315138 0.0340342 0.948435 -0.241199 -0.0286204 0.970053 -0.475816 0.0327953 0.878933 -0.408532 -0.0406126 0.91184 -0.622074 0.0290161 0.78242 -0.575163 -0.0381049 0.817151 -0.750183 0.0243565 0.660782 -0.720615 -0.0330587 0.692547 -0.856312 0.0191194 0.516105 -0.839611 -0.0268538 0.542523 -0.935398 0.0122266 0.353385 -0.927797 -0.0205489 0.372519 -0.981917 -0.0130823 0.188861 -0.983843 0.00417236 0.178984 -0.999989 -0.00444192 -0.00170682 -0.999986 -0.00505633 -0.0013727 -0.983552 0.00473092 -0.180564 -0.981049 -0.0136084 -0.19328 -0.935162 0.012721 -0.353993 -0.925753 -0.0210064 -0.377546 -0.85639 0.0195409 -0.51596 -0.836219 -0.0272439 -0.547719 -0.749792 0.0251961 -0.661194 -0.715835 -0.0322928 -0.697522 -0.618827 0.0296818 -0.784966 -0.467741 0.0329891 -0.88325 -0.569102 -0.0361841 -0.82147 -0.301412 0.0351396 -0.952846 -0.401478 -0.0389191 -0.915041 -0.125247 0.0361253 -0.991468 -0.219147 -0.0404788 -0.974852 0.0550702 0.0359552 -0.997835 -0.0288247 -0.0408856 -0.998748 0.233686 0.0346011 -0.971696 0.162516 -0.0401383 -0.985889 0.404775 0.0320887 -0.913853 0.347823 -0.038216 -0.936781 0.562748 0.0284172 -0.82614 0.52032 -0.0351276 -0.853248 0.702424 0.0235723 -0.711368 0.67368 -0.0308678 -0.738378 0.819191 0.0175691 -0.573251 0.802278 -0.0254445 -0.596408 0.909184 0.0103974 -0.416264 0.901412 -0.018861 -0.432551 0.969386 0.00206837 -0.245531 0.967446 -0.0111102 -0.252833 0.997748 -0.00743023 -0.0666635 0.997956 -0.00220289 -0.0638739 0.993253 0.0069596 0.115756 0.991639 -0.0115293 0.128524 0.953753 0.0115328 0.30037 0.948814 -0.0115075 0.315625 0.878773 0.0115086 0.477101 0.871029 -0.0114815 0.491098 0.766162 -0.000134671 0.642648 0.761864 0.013416 0.647598 0.597949 -0.000109878 0.801534 0.597864 0.000168464 0.801597 0.375148 -4.8496e-05 0.926965 0.375092 0.000110266 0.926987 0.127812 5.61869e-05 0.991798 0.127833 1.94418e-08 0.991796 0.107834 0.865539 0.489095 0.116415 0.860134 0.496606 0.229297 0.865244 0.445842 0.238315 0.860492 0.450288 0.335804 0.864952 0.372953 0.34435 0.860845 0.374659 0.430854 0.856545 0.284071 0.417077 0.862461 0.286718 0.494264 0.853099 0.167111 0.454544 0.868968 0.195665 0.48217 0.869799 0.104694 0.517205 0.855154 0.0347903 0.501872 0.864858 0.0120453 0.507448 0.85606 -0.0982756 0.497904 0.86314 -0.0841478 0.470242 0.853062 -0.226183 0.462228 0.869245 -0.17538 0.419596 0.869619 -0.260194 0.393499 0.85556 -0.336416 0.370016 0.864172 -0.34102 0.298399 0.863871 -0.405813 0.294523 0.855612 -0.425658 0.209957 0.869486 -0.447115 0.177991 0.85306 -0.490518 0.120708 0.869403 -0.479133 0.0458996 0.855991 -0.51495 0.0289553 0.86345 -0.503603 -0.0871411 0.855205 -0.510912 -0.067816 0.864547 -0.497956 -0.215742 0.853097 -0.475059 -0.160001 0.869686 -0.466953 -0.246627 0.869147 -0.428671 -0.326854 0.856459 -0.399555 -0.330131 0.86267 -0.383163 -0.420026 0.854825 -0.304717 -0.394235 0.865193 -0.30987 -0.486316 0.853169 -0.18868 -0.439461 0.869853 -0.22412 -0.47581 0.868854 -0.136738 -0.512235 0.85696 -0.0568769 -0.505061 0.861854 -0.0460656 -0.5139 0.854486 0.075896 -0.497745 0.865791 0.0515366 -0.479411 0.853279 0.205135 -0.471429 0.86998 0.144533 -0.437568 0.868519 0.23283 -0.40111 0.860324 0.31457 -0.402816 0.856465 0.322812 -0.314649 0.854178 0.413977 -0.321124 0.866354 0.382505 -0.199152 0.853426 0.481667 -0.238175 0.870072 0.431565 -0.0878522 0.861115 0.500762 -0.152827 0.868144 0.472196 -0.000114579 0.861843 0.507175 -0.0680229 0.866881 0.493853 0.0120076 0.865957 0.499974 0.0116549 -0.86597 0.49996 0.0215992 -0.860834 0.508428 0.137979 -0.866081 0.480484 0.15024 -0.860741 0.486367 0.255195 -0.866188 0.429643 0.269073 -0.860648 0.432302 0.347019 -0.86628 0.359356 0.406097 -0.869679 0.280614 0.377067 -0.85552 0.354833 0.452985 -0.869243 0.198045 0.458497 -0.853175 0.248742 0.493864 -0.862528 0.110197 0.500573 -0.865492 0.0186937 0.501788 -0.856149 0.123362 0.488875 -0.869573 -0.0696053 0.519761 -0.854268 -0.00869419 0.47408 -0.865967 -0.159217 0.500976 -0.853935 -0.140779 0.443418 -0.861857 -0.246136 0.445687 -0.856214 -0.261267 0.383493 -0.868984 -0.312729 0.36771 -0.853193 -0.369934 0.321767 -0.868193 -0.377766 0.258692 -0.857504 -0.444707 0.25421 -0.859531 -0.443378 0.167622 -0.867339 -0.468643 0.0805375 -0.869365 -0.487564 0.138143 -0.853467 -0.502505 -0.00999294 -0.86372 -0.503873 0.00610188 -0.85507 -0.518477 -0.0999325 -0.864564 -0.492485 -0.18254 -0.869508 -0.458949 -0.12613 -0.854736 -0.503505 -0.265247 -0.866724 -0.422413 -0.251084 -0.853616 -0.456395 -0.351353 -0.855761 -0.379768 -0.394612 -0.868617 -0.299641 -0.35096 -0.859795 -0.370916 -0.442021 -0.86864 -0.223793 -0.443757 -0.853167 -0.2742 -0.488418 -0.860871 -0.142652 -0.4961 -0.866655 -0.052849 -0.493125 -0.856704 -0.151282 -0.492588 -0.869512 0.0361367 -0.520305 -0.853733 -0.0205547 -0.485868 -0.864703 0.12736 -0.507151 -0.854551 0.111983 -0.456735 -0.863544 0.213741 -0.403977 -0.869259 0.284941 -0.460995 -0.855285 0.236583 -0.350324 -0.86668 0.35516 -0.387695 -0.853455 0.348293 -0.292015 -0.854871 0.428862 -0.205988 -0.868726 0.450427 -0.281595 -0.859812 0.425944 -0.13846 -0.86694 0.478794 -0.181446 -0.859478 0.477886 -0.0814827 -0.863152 0.498327 -0.0904048 -0.860092 0.502065 0.128187 -9.23641e-06 0.99175 0.128862 0.00329497 0.991657 0.376007 -0.0032988 0.926611 0.377891 0.00657046 0.925827 0.599122 -0.0065632 0.800631 0.601823 0.00982639 0.798569 0.782885 -0.00979478 0.62209 0.7858 0.0130367 0.618343 0.915234 -0.0130173 0.402712 0.917632 0.0162402 0.397099 0.987481 -0.0161972 0.156903 0.988566 0.0194115 0.149532 0.994881 -0.0193518 -0.0991828 0.993903 0.0225568 -0.107924 0.936956 -0.0224856 -0.348724 0.9333 0.0256724 -0.35818 0.817517 -0.0255923 -0.575335 0.810787 0.0287656 -0.584634 0.644416 -0.0286647 -0.764138 0.634505 0.031833 -0.772263 0.429033 -0.0317099 -0.902732 0.416165 0.0348772 -0.90862 0.185519 -0.0347243 -0.982027 0.17027 0.0378769 -0.984669 -0.0701203 -0.0377298 -0.996825 -0.0868642 0.0408577 -0.995382 -0.321101 -0.0406998 -0.94617 -0.33817 0.0437965 -0.940066 -0.550941 -0.0436572 -0.833402 -0.566986 0.0467329 -0.822401 -0.744553 -0.0465641 -0.665938 -0.758126 0.0496344 -0.650217 -0.889223 -0.0494511 -0.454794 -0.898921 0.0525132 -0.434951 -0.975466 -0.0523025 -0.213848 -0.980046 0.0553567 -0.190905 -0.997634 -0.0551349 0.0410661 -0.99614 0.058176 0.0657257 -0.954291 -0.057937 0.293209 -0.946158 0.0609588 0.317913 -0.848303 -0.0607218 0.526017 -0.833438 0.0637176 0.548928 -0.686655 -0.0634734 0.724207 -0.665481 0.0664627 0.74345 -0.479975 -0.066185 0.874782 -0.453451 0.0691682 0.888593 -0.275898 -0.0477203 0.960002 -0.255576 0.0238716 0.966494 -0.0936036 -0.0256172 0.99528 -0.0864655 -4.63918e-06 0.996255 -0.042569 -6.47451e-09 0.999094 -0.127205 0.00323107 0.991871 -0.0819324 -0.0284939 0.99623 -0.249711 0.00953996 0.968273 -0.239058 -0.00646245 0.970984 -0.406695 -0.010019 0.913509 -0.40605 -0.0112386 0.913782 -0.550524 0.00859502 0.834775 -0.67963 0.0220834 0.733223 -0.573769 -0.0268123 0.818578 -0.790603 0.0291228 0.611636 -0.719797 -0.0370699 0.693194 -0.880429 0.0297232 0.473246 -0.838981 -0.040884 0.542623 -0.927238 -0.0382647 0.372514 -0.946556 0.0238843 0.321655 -0.981526 -0.0292102 0.189087 -0.986912 0.0115962 0.160842 -0.999906 -0.0137117 -0.000997865 -0.999963 -0.00713804 -0.004854 -0.985679 0.0063829 -0.168512 -0.980944 -0.0250303 -0.19267 -0.944619 0.0207113 -0.327516 -0.925485 -0.0361188 -0.377057 -0.87791 0.0285824 -0.477972 -0.78732 0.0300129 -0.615814 -0.836079 -0.0407651 -0.547093 -0.666825 0.0370171 -0.744294 -0.716261 -0.03896 -0.696744 -0.504574 0.0503271 -0.861901 -0.569998 -0.0382003 -0.820758 -0.309125 0.0507401 -0.949667 -0.402484 -0.0408908 -0.914513 -0.110627 0.0386312 -0.993111 -0.220455 -0.0390213 -0.974616 0.0655981 0.0286234 -0.997436 -0.0301582 -0.0392338 -0.998775 0.233814 0.0347949 -0.971659 0.161304 -0.040308 -0.986081 0.404832 0.0324161 -0.913816 0.346681 -0.0385045 -0.937193 0.56274 0.0288482 -0.82613 0.519283 -0.0355333 -0.853863 0.70237 0.0241166 -0.711403 0.672782 -0.0313799 -0.739175 0.819121 0.0182155 -0.573332 0.801554 -0.0260576 -0.597354 0.909117 0.0111394 -0.416392 0.900887 -0.0195728 -0.433611 0.969339 0.00289865 -0.245709 0.967139 -0.01191 -0.253969 0.997739 -0.00652224 -0.0668853 0.997878 -0.00308495 -0.0650396 0.993274 0.00617973 0.115621 0.991809 -0.0107799 0.127272 0.953798 0.0107833 0.300254 0.949221 -0.0107364 0.314428 0.878825 0.0107375 0.477023 0.871656 -0.0106904 0.490001 0.766239 -0.000238784 0.642556 0.762234 0.012418 0.647183 0.598028 -0.000193686 0.801475 0.597878 0.000298678 0.801587 0.375205 -9.72917e-05 0.926942 0.3751 0.000199639 0.926984 0.127853 1.9445e-08 0.991793 0.127817 9.37734e-05 0.991798 0.107833 0.865537 0.489098 0.116415 0.860131 0.49661 0.2293 0.865243 0.445844 0.23832 0.860489 0.450292 0.335805 0.864951 0.372954 0.344356 0.860841 0.374662 0.430855 0.856544 0.284072 0.417085 0.862457 0.286718 0.494267 0.853097 0.167111 0.454549 0.868966 0.195662 0.482173 0.869798 0.10469 0.51721 0.855151 0.0347899 0.501875 0.864856 0.0120418 0.507448 0.85606 -0.0982754 0.497912 0.863135 -0.0841592 0.470244 0.85306 -0.226183 0.462229 0.869243 -0.175388 0.419591 0.86962 -0.260203 0.393501 0.855557 -0.33642 0.37001 0.864172 -0.341026 0.298395 0.863866 -0.405828 0.294523 0.855613 -0.425655 0.209948 0.869485 -0.447122 0.177993 0.85306 -0.490517 0.120695 0.869404 -0.479133 0.0458984 0.855988 -0.514954 0.028938 0.863453 -0.503598 -0.0871404 0.855204 -0.510913 -0.0678262 0.864542 -0.497962 -0.215744 0.853095 -0.475061 -0.160022 0.869684 -0.466951 -0.246642 0.869147 -0.428661 -0.326857 0.856454 -0.399562 -0.33014 0.862674 -0.383147 -0.420024 0.854826 -0.304716 -0.394256 0.865187 -0.309862 -0.48632 0.853166 -0.188681 -0.439474 0.86985 -0.224105 -0.475815 0.868855 -0.136717 -0.512246 0.856954 -0.0568793 -0.505054 0.861859 -0.0460397 -0.5139 0.854486 0.0758947 -0.497755 0.865784 0.0515568 -0.479414 0.853277 0.205136 -0.471425 0.869977 0.144561 -0.437555 0.86852 0.232848 -0.401101 0.86033 0.314565 -0.402817 0.856452 0.322846 -0.314649 0.854178 0.413977 -0.321114 0.866348 0.382528 -0.199157 0.853421 0.481673 -0.238154 0.870068 0.431583 -0.0878562 0.86111 0.50077 -0.152796 0.868147 0.472202 -0.000114846 0.861839 0.507182 -0.0680026 0.866881 0.493856 0.0120208 0.865957 0.499974 0.0116648 -0.865973 0.499955 0.0215978 -0.860842 0.508415 0.138011 -0.866078 0.480482 0.150232 -0.860754 0.486347 0.255252 -0.866178 0.429631 0.269056 -0.860666 0.432277 0.34708 -0.866267 0.359328 0.40614 -0.869677 0.280559 0.377053 -0.85553 0.354823 0.452999 -0.869254 0.197963 0.458495 -0.853176 0.248742 0.493836 -0.862557 0.110101 0.500606 -0.865475 0.0186102 0.501812 -0.856134 0.123365 0.488865 -0.869573 -0.0696737 0.519746 -0.854277 -0.00869223 0.47405 -0.865976 -0.159255 0.50098 -0.853932 -0.140782 0.443416 -0.861846 -0.246178 0.445678 -0.856221 -0.261258 0.383485 -0.868984 -0.31274 0.367707 -0.853196 -0.369931 0.321775 -0.868192 -0.377762 0.258684 -0.857515 -0.444692 0.254264 -0.859514 -0.44338 0.167683 -0.867348 -0.468604 0.138144 -0.853464 -0.502509 0.0855126 -0.868142 -0.488894 -0.00286032 -0.862219 -0.506527 0.00638184 -0.856705 -0.515767 -0.102921 -0.865599 -0.490046 -0.201252 -0.869687 -0.450713 -0.125027 -0.856617 -0.500575 -0.287172 -0.869953 -0.400891 -0.250881 -0.853828 -0.45611 -0.361394 -0.864211 -0.350049 -0.413816 -0.864374 -0.285681 -0.358374 -0.854019 -0.37712 -0.447806 -0.868778 -0.21141 -0.442454 -0.85404 -0.273588 -0.48837 -0.8619 -0.136464 -0.496733 -0.866192 -0.0544752 -0.495782 -0.855082 -0.151772 -0.49527 -0.868311 0.0272675 -0.520867 -0.853392 -0.020511 -0.498998 -0.859068 0.114035 -0.460805 -0.867525 0.187239 -0.503988 -0.856562 0.110894 -0.423879 -0.867406 0.260641 -0.463906 -0.853169 0.238526 -0.388376 -0.855679 0.34202 -0.315432 -0.868391 0.382622 -0.38218 -0.858445 0.342068 -0.249722 -0.866046 0.433133 -0.286449 -0.853375 0.435544 -0.175794 -0.864072 0.471673 -0.115319 -0.864956 0.488418 -0.180239 -0.862374 0.473102 -0.0733678 -0.8637 0.498638 -0.0905071 -0.859115 0.503716 0.128189 -4.6182e-06 0.99175 0.12886 0.00328558 0.991657 0.376007 -0.00330783 0.926611 0.377891 0.00656524 0.925827 0.599122 -0.00656835 0.80063 0.601823 0.00981626 0.798569 0.782885 -0.00980437 0.62209 0.785801 0.0130308 0.618342 0.915235 -0.0130212 0.402711 0.917633 0.0162393 0.397098 0.987481 -0.0162001 0.156903 0.988566 0.0194069 0.149532 0.994881 -0.0193564 -0.0991824 0.993903 0.0225522 -0.107924 0.936956 -0.02249 -0.348724 0.933299 0.0256767 -0.358181 0.817517 -0.0255837 -0.575336 0.810788 0.0287629 -0.584633 0.644416 -0.028667 -0.764138 0.634506 0.0318242 -0.772262 0.429033 -0.0317191 -0.902732 0.416168 0.0348596 -0.908619 0.18552 -0.0347426 -0.982026 0.170269 0.0378672 -0.98467 -0.0701184 -0.0377386 -0.996825 -0.0868623 0.040849 -0.995382 -0.321102 -0.040709 -0.946169 -0.338172 0.0437945 -0.940065 -0.550941 -0.043658 -0.833402 -0.566985 0.0467315 -0.822401 -0.744552 -0.046564 -0.665938 -0.758126 0.0496363 -0.650216 -0.889223 -0.0494506 -0.454794 -0.898921 0.0525074 -0.434952 -0.975466 -0.0523068 -0.213848 -0.980047 0.0553565 -0.190904 -0.997634 -0.0551385 0.0410667 -0.996141 0.0581675 0.065725 -0.954291 -0.0579461 0.293208 -0.946158 0.0609563 0.317913 -0.848304 -0.060726 0.526015 -0.833439 0.0637188 0.548926 -0.686655 -0.0634758 0.724207 -0.665482 0.0664565 0.74345 -0.479976 -0.0661944 0.874781 -0.453449 0.0691754 0.888593 -0.275898 -0.0477122 0.960002 -0.255579 0.0238676 0.966494 -0.0936018 -0.0256222 0.99528 -0.0864649 -1.39174e-05 0.996255 -0.0518076 -7.88e-09 0.998657 -0.154153 0.0117896 0.987977 -0.0763144 -0.0213932 0.996854 -0.291205 0.0362855 0.955972 -0.224775 -0.0235665 0.974126 -0.459064 0.030002 0.887897 -0.399606 -0.0499474 0.915325 -0.612533 0.0127533 0.790342 -0.586457 -0.0381981 0.809079 -0.74598 -0.0154454 0.665789 -0.745965 -0.0154879 0.665805 -0.852845 0.0127235 0.522008 -0.871605 -0.0381729 0.488721 -0.932202 0.0299857 0.360695 -0.981647 0.0362848 0.187225 -0.955886 -0.0499325 0.289461 -0.995697 -0.0507562 0.077537 -0.999475 0.0316325 0.00707362 -0.989679 -0.040651 -0.137413 -0.984604 0.0160153 -0.174063 -0.938164 -0.0195648 -0.345638 -0.936653 -0.0105681 -0.3501 -0.858892 0.00922285 -0.512073 -0.84123 -0.0355123 -0.539509 -0.753087 0.0281192 -0.657319 -0.622587 0.0360479 -0.78172 -0.704874 -0.0488842 -0.707647 -0.471611 0.0362704 -0.881061 -0.547278 -0.0408853 -0.835952 -0.305164 0.0355223 -0.951637 -0.391083 -0.029828 -0.919872 -0.12881 0.0362895 -0.991005 -0.220979 -0.0406401 -0.974431 0.051823 0.0359753 -0.998008 -0.0307119 -0.0408687 -0.998692 0.230852 0.0345557 -0.972375 0.160642 -0.0400017 -0.986202 0.402412 0.0320296 -0.914898 0.346049 -0.0380233 -0.937446 0.560887 0.0284101 -0.827405 0.518709 -0.0349572 -0.854236 0.701048 0.0236846 -0.712721 0.672288 -0.0307822 -0.73965 0.818264 0.0178631 -0.574565 0.801159 -0.0255107 -0.597908 0.908641 0.0109422 -0.417435 0.900603 -0.019145 -0.434221 0.969144 0.00292948 -0.246479 0.966974 -0.0116743 -0.254607 0.997711 -0.00619096 -0.0673343 0.997836 -0.00311245 -0.065681 0.993293 0.0058837 0.115478 0.991899 -0.0103651 0.126609 0.953823 0.010366 0.300189 0.949434 -0.0103474 0.313797 0.87888 0.0103486 0.47693 0.871983 -0.0103314 0.489426 0.766246 -0.000105013 0.642548 0.762429 0.0119718 0.646961 0.597935 -8.44843e-05 0.801544 0.597872 0.000124799 0.801592 0.375139 -3.85437e-05 0.926969 0.375096 8.21878e-05 0.926986 0.12783 1.94422e-08 0.991796 0.127815 3.97425e-05 0.991798 0.107836 0.865534 0.489103 0.116413 0.860131 0.496611 0.229299 0.865241 0.445847 0.238324 0.860485 0.450297 0.335804 0.864951 0.372954 0.344364 0.860837 0.374664 0.430713 0.856655 0.28395 0.417293 0.862433 0.28649 0.494247 0.85311 0.167103 0.454894 0.868896 0.195171 0.482244 0.869832 0.104087 0.517356 0.855062 0.0348172 0.501637 0.865004 0.0113853 0.507274 0.856165 -0.098261 0.498108 0.862961 -0.0847757 0.47024 0.853062 -0.226183 0.462122 0.869181 -0.175975 0.419205 0.86966 -0.260688 0.393639 0.855458 -0.336511 0.369362 0.864331 -0.341326 0.298096 0.8637 -0.4064 0.294417 0.85571 -0.425534 0.20945 0.86943 -0.447461 0.177996 0.853054 -0.490527 0.120067 0.869455 -0.479199 0.0459345 0.855883 -0.515125 0.0282622 0.863622 -0.503347 -0.0871324 0.855295 -0.510763 -0.0684424 0.864386 -0.498148 -0.215752 0.85308 -0.475084 -0.160614 0.869638 -0.466832 -0.247141 0.869209 -0.428249 -0.326961 0.85634 -0.399722 -0.330451 0.862859 -0.38246 -0.419923 0.854909 -0.304623 -0.394823 0.865038 -0.309553 -0.486353 0.853143 -0.188699 -0.439812 0.869812 -0.223588 -0.475874 0.868925 -0.136065 -0.512447 0.85683 -0.0569271 -0.504783 0.862056 -0.0453231 -0.513775 0.854562 0.0758921 -0.497934 0.865644 0.0521814 -0.479466 0.853244 0.20515 -0.471294 0.869948 0.145165 -0.43712 0.868602 0.233359 -0.40086 0.860496 0.314416 -0.402782 0.85619 0.323583 -0.314569 0.854247 0.413893 -0.320793 0.866217 0.383093 -0.199186 0.853383 0.481729 -0.237622 0.87005 0.431913 -0.0878887 0.861038 0.500888 -0.152121 0.868238 0.472251 -0.000123852 0.861793 0.507259 -0.067508 0.866916 0.493862 0.0121782 0.865953 0.499977 0.0116519 -0.865975 0.499952 0.0215995 -0.860837 0.508422 0.137969 -0.866086 0.480478 0.150239 -0.860743 0.486364 0.255183 -0.866194 0.42964 0.269072 -0.860649 0.4323 0.347054 -0.866287 0.359305 0.406183 -0.869672 0.28051 0.377036 -0.855544 0.354808 0.45301 -0.869259 0.197915 0.458493 -0.853177 0.248741 0.493796 -0.86259 0.110018 0.500659 -0.865449 0.0183889 0.501819 -0.85613 0.123364 0.48878 -0.86959 -0.0700539 0.519689 -0.854311 -0.00868476 0.473657 -0.86611 -0.159697 0.501041 -0.853892 -0.140805 0.44333 -0.861635 -0.247071 0.445478 -0.856371 -0.261108 0.38296 -0.868927 -0.313539 0.367719 -0.853183 -0.369947 0.320771 -0.868346 -0.378262 0.258854 -0.857263 -0.445078 0.252773 -0.85999 -0.443309 0.166325 -0.867126 -0.469498 0.0789514 -0.869455 -0.487663 0.138119 -0.853564 -0.502347 -0.0116691 -0.864188 -0.503034 0.00606353 -0.854845 -0.518849 -0.102129 -0.864105 -0.49284 -0.18453 -0.869462 -0.45824 -0.125971 -0.855006 -0.503087 -0.266719 -0.86713 -0.420651 -0.251211 -0.853484 -0.456572 -0.351902 -0.856772 -0.37697 -0.396582 -0.868356 -0.297793 -0.351712 -0.859216 -0.371545 -0.442801 -0.868913 -0.221173 -0.443706 -0.853201 -0.274175 -0.487683 -0.861797 -0.139541 -0.497412 -0.866089 -0.0497151 -0.49397 -0.85619 -0.151438 -0.49221 -0.869587 0.0393401 -0.519859 -0.854004 -0.0205867 -0.483726 -0.865484 0.130179 -0.507727 -0.854183 0.112181 -0.456589 -0.862565 0.217966 -0.401535 -0.869164 0.288657 -0.460211 -0.855851 0.23606 -0.344223 -0.867962 0.357983 -0.387925 -0.853244 0.348553 -0.280836 -0.858909 0.42826 -0.195196 -0.867613 0.457326 -0.283042 -0.857914 0.428801 -0.128514 -0.866452 0.482436 -0.180896 -0.860808 0.475695 -0.0779989 -0.863396 0.498461 -0.090463 -0.85952 0.503032 0.128187 -1.38545e-05 0.99175 0.12886 0.00328556 0.991657 0.376006 -0.00330811 0.926611 0.377891 0.00656532 0.925827 0.599122 -0.00656838 0.800631 0.601823 0.0098215 0.798569 0.782886 -0.00980136 0.622088 0.785803 0.0130384 0.61834 0.915235 -0.0130179 0.402711 0.917632 0.0162337 0.3971 0.987481 -0.0162039 0.156903 0.988566 0.0194002 0.149533 0.994881 -0.0193635 -0.099182 0.993903 0.0225476 -0.107924 0.936956 -0.0224943 -0.348723 0.933299 0.0256691 -0.358181 0.817517 -0.0255928 -0.575336 0.810787 0.0287618 -0.584634 0.644416 -0.0286678 -0.764138 0.634507 0.0318158 -0.772262 0.429033 -0.0317285 -0.902731 0.416168 0.0348508 -0.90862 0.185522 -0.0347515 -0.982026 0.170271 0.0378585 -0.98467 -0.0701192 -0.0377483 -0.996824 -0.086865 0.0408476 -0.995382 -0.321099 -0.040708 -0.94617 -0.338172 0.0438112 -0.940064 -0.550944 -0.0436446 -0.833401 -0.566985 0.0467287 -0.822402 -0.744552 -0.0465689 -0.665938 -0.758126 0.0496285 -0.650217 -0.889222 -0.0494568 -0.454794 -0.898921 0.0525055 -0.434952 -0.975465 -0.052312 -0.213848 -0.980047 0.055346 -0.190906 -0.997634 -0.055144 0.041066 -0.996141 0.0581672 0.0657256 -0.954291 -0.0579458 0.293208 -0.946158 0.0609568 0.317913 -0.848304 -0.0607226 0.526016 -0.833439 0.0637196 0.548926 -0.686654 -0.0634724 0.724208 -0.665483 0.0664477 0.743449 -0.479975 -0.0662034 0.87478 -0.453451 0.0691585 0.888594 -0.275899 -0.0477291 0.960001 -0.255578 0.0238582 0.966494 -0.0936031 -0.0256313 0.99528 -0.0864651 -1.85567e-05 0.996255 -0.0613137 0.00865019 0.998081 -0.0525781 -8.39732e-09 0.998617 -0.183703 0.0142485 0.982879 -0.157585 -0.00712268 0.98748 -0.325056 0.0257791 0.945343 -0.287634 -0.0202538 0.957526 -0.48052 0.0287334 0.876513 -0.436973 -0.0236675 0.899163 -0.62212 0.0307821 0.782317 -0.575016 -0.0261722 0.817724 -0.745745 0.0319213 0.665466 -0.698235 -0.0277651 0.71533 -0.803493 -0.0284486 0.594635 -0.847813 0.0321553 0.52932 -0.888122 -0.0282267 0.458741 -0.925357 0.0314797 0.377789 -0.949978 -0.0270928 0.31114 -0.976101 0.029894 0.215252 -0.9875 -0.0250547 0.155612 -0.998547 0.0273981 0.0463999 -0.999748 -0.0221103 -0.00386524 -0.992006 0.0240019 -0.123885 -0.986419 -0.018263 -0.163228 -0.956624 0.019701 -0.290659 -0.947864 -0.0134977 -0.31839 -0.893382 0.0144839 -0.449064 -0.885077 -0.00782955 -0.465379 -0.803762 -0.00136047 -0.594949 -0.800018 0.00908221 -0.599907 -0.691486 0.00599506 -0.722365 -0.69366 0.00128215 -0.720302 -0.558743 0.00241215 -0.829337 -0.563108 -0.00618303 -0.82636 -0.408923 -0.0154943 -0.912437 -0.402701 -0.00272342 -0.915328 -0.249845 0.0124585 -0.968206 -0.218886 -0.0271105 -0.975374 -0.0811614 0.0237582 -0.996418 0.0930704 0.0307226 -0.995185 -0.0280319 -0.0348408 -0.999 0.266128 0.0336919 -0.963349 0.163585 -0.0389234 -0.985761 0.431049 0.0344523 -0.90167 0.349002 -0.0407823 -0.936234 0.58274 0.0330033 -0.811988 0.521451 -0.0404453 -0.852322 0.716464 0.0293499 -0.697007 0.674652 -0.0378817 -0.737163 0.828025 0.023494 -0.560198 0.80303 -0.0331271 -0.595017 0.913853 0.0154307 -0.405752 0.901926 -0.02617 -0.431097 0.971143 0.00516723 -0.238443 0.967728 -0.0170053 -0.251422 0.997955 -0.00730544 -0.0635061 0.998023 -0.00564612 -0.062598 0.993265 0.00690911 0.115661 0.991471 -0.0131398 0.129667 0.954123 0.0131477 0.299127 0.948435 -0.0130921 0.316702 0.879361 0.0130961 0.475976 0.870457 -0.0130415 0.492072 0.767051 0.0142464 0.641428 0.761053 -0.000255105 0.64869 0.598018 -0.000232268 0.801483 0.59784 0.000351327 0.801615 0.375197 -0.000113227 0.926945 0.375077 0.000226134 0.926993 0.12785 1.94462e-08 0.991794 0.127809 0.000109508 0.991799 0.107835 0.865533 0.489105 0.116415 0.860129 0.496615 0.229299 0.865242 0.445847 0.238328 0.860483 0.450298 0.335806 0.86495 0.372956 0.344364 0.860837 0.374665 0.430638 0.856714 0.283887 0.417404 0.862418 0.286372 0.494239 0.853115 0.1671 0.455077 0.868857 0.194918 0.482284 0.869848 0.103763 0.517431 0.855016 0.0348309 0.501514 0.865079 0.0110437 0.507183 0.856219 -0.0982553 0.498213 0.862868 -0.0851015 0.470238 0.853064 -0.226182 0.462068 0.869147 -0.176288 0.419001 0.869682 -0.260945 0.393708 0.855408 -0.336558 0.369027 0.864412 -0.341483 0.29794 0.863612 -0.406702 0.294361 0.855761 -0.425471 0.209188 0.8694 -0.447643 0.177998 0.85305 -0.490532 0.11974 0.86948 -0.479236 0.045955 0.855826 -0.515219 0.0279037 0.86371 -0.503217 -0.0871286 0.855342 -0.510685 -0.0687691 0.864301 -0.498251 -0.215755 0.853074 -0.475094 -0.160929 0.869612 -0.466772 -0.242793 0.867049 -0.43506 -0.325041 0.858458 -0.396736 -0.323049 0.85935 -0.39643 -0.420182 0.854697 -0.30486 -0.386543 0.868005 -0.311693 -0.486415 0.853101 -0.188733 -0.440307 0.870817 -0.218649 -0.517448 0.853742 -0.0580758 -0.476032 0.871384 -0.11867 -0.493356 0.869711 -0.0142431 -0.510482 0.856542 0.0757866 -0.492107 0.865628 0.0922999 -0.469783 0.8593 0.202255 -0.467516 0.86163 0.197542 -0.408472 0.855187 0.319071 -0.405502 0.867292 0.288741 -0.315749 0.853214 0.415125 -0.32973 0.870499 0.36539 -0.199111 0.853478 0.481591 -0.242598 0.871443 0.426302 -0.0883099 0.860171 0.502302 -0.14645 0.870155 0.470513 -0.000254274 0.861147 0.508355 -0.0595752 0.867361 0.494101 0.0147744 0.865921 0.499963 0.0116635 -0.865975 0.499951 0.0215962 -0.860845 0.508409 0.138003 -0.866082 0.480476 0.150231 -0.860756 0.486344 0.255244 -0.866182 0.429627 0.269052 -0.860668 0.432275 0.347255 -0.866275 0.359141 0.406481 -0.869643 0.280168 0.376942 -0.855614 0.354738 0.453114 -0.869305 0.197473 0.458496 -0.853175 0.248742 0.494045 -0.86243 0.110157 0.500306 -0.86561 0.0202986 0.501952 -0.85605 0.123383 0.489758 -0.869352 -0.0660554 0.52018 -0.854012 -0.00874951 0.478234 -0.864495 -0.154726 0.444513 -0.863874 -0.236918 0.500219 -0.854429 -0.14047 0.389404 -0.86931 -0.304409 0.447502 -0.854849 -0.262631 0.367176 -0.853716 -0.369258 0.333086 -0.866084 -0.372762 0.265474 -0.861776 -0.43228 0.182526 -0.868972 -0.45997 0.259722 -0.855965 -0.447067 0.0991197 -0.867349 -0.487731 0.138185 -0.853298 -0.50278 0.0105383 -0.856293 -0.516382 -0.0721171 -0.868331 -0.490715 0.00674113 -0.858806 -0.512256 -0.155128 -0.867287 -0.473021 -0.127016 -0.853212 -0.505863 -0.244617 -0.855879 -0.455668 -0.302889 -0.868451 -0.392492 -0.246096 -0.858786 -0.449359 -0.367072 -0.86709 -0.33677 -0.359356 -0.853242 -0.377944 -0.437189 -0.855312 -0.278043 -0.45605 -0.868559 -0.193968 -0.434785 -0.859112 -0.269977 -0.485287 -0.866883 -0.114059 -0.498702 -0.853286 -0.152312 -0.51829 -0.854732 -0.0284195 -0.492462 -0.868657 0.0539992 -0.510782 -0.859448 -0.0212614 -0.47937 -0.866665 0.138191 -0.509044 -0.853339 0.112635 -0.457344 -0.860845 0.22312 -0.402912 -0.868748 0.287992 -0.459941 -0.856047 0.235878 -0.350652 -0.866435 0.355435 -0.387751 -0.853403 0.348357 -0.289301 -0.861279 0.417736 -0.210382 -0.868826 0.448197 -0.284625 -0.855818 0.43193 -0.142862 -0.866995 0.4774 -0.181567 -0.859187 0.478363 -0.0830265 -0.863046 0.498255 -0.0903675 -0.860426 0.501499 0.128186 -1.84728e-05 0.99175 0.128861 0.00328544 0.991657 0.376007 -0.00330831 0.926611 0.377889 0.00655536 0.925828 0.599122 -0.00657787 0.800631 0.601823 0.00981263 0.798569 0.782885 -0.00980892 0.622089 0.785802 0.013031 0.61834 0.915235 -0.0130239 0.402711 0.917632 0.0162315 0.397099 0.987481 -0.0162062 0.156903 0.988566 0.0193977 0.149533 0.994881 -0.0193656 -0.0991819 0.993903 0.0225465 -0.107924 0.936956 -0.0224976 -0.348723 0.9333 0.0256615 -0.35818 0.817518 -0.0256018 -0.575334 0.810788 0.0287537 -0.584633 0.644416 -0.028677 -0.764137 0.634506 0.0318219 -0.772263 0.429032 -0.0317207 -0.902732 0.416167 0.0348587 -0.90862 0.185521 -0.0347426 -0.982026 0.17027 0.0378676 -0.98467 -0.0701211 -0.0377395 -0.996824 -0.0868631 0.0408391 -0.995383 -0.3211 -0.0407178 -0.94617 -0.338171 0.0437938 -0.940065 -0.550941 -0.0436596 -0.833401 -0.566985 0.0467201 -0.822402 -0.744551 -0.0465752 -0.665938 -0.758127 0.049632 -0.650216 -0.889223 -0.0494546 -0.454794 -0.898921 0.0524967 -0.434954 -0.975465 -0.0523174 -0.213849 -0.980047 0.0553426 -0.190906 -0.997633 -0.0551455 0.0410664 -0.996141 0.0581619 0.0657253 -0.954291 -0.0579528 0.293207 -0.946158 0.0609549 0.317913 -0.848304 -0.0607252 0.526016 -0.833439 0.0637128 0.548926 -0.686653 -0.063481 0.724208 -0.665482 0.0664452 0.743451 -0.479977 -0.0662036 0.87478 -0.453451 0.0691628 0.888593 -0.275898 -0.0477256 0.960001 -0.255578 0.0238582 0.966494 -0.093604 -0.0256313 0.99528 -0.0864661 -1.85567e-05 0.996255 -0.0725646 -6.08467e-09 0.997364 -0.215588 0.00979904 0.976435 -0.0818475 -0.0111276 0.996583 -0.24251 -0.0196017 0.969951 -0.369064 0.0219352 0.929145 -0.396502 -0.0130081 0.917942 -0.528039 0.0142831 0.8491 -0.540427 -0.00448258 0.841379 -0.67033 0.00576066 0.742041 -0.669921 0.00484109 0.742416 -0.790579 0.0150146 0.612175 -0.782349 -0.00528492 0.622818 -0.886051 0.0225136 0.463041 -0.873576 -0.0136665 0.486497 -0.953734 0.0282583 0.299321 -0.941217 -0.0202903 0.337193 -0.983533 -0.0251573 0.178969 -0.991487 0.0322435 0.126153 -0.999471 -0.0282677 0.0160821 -0.998101 0.0344777 -0.0510449 -0.988674 -0.0296327 -0.147126 -0.973328 0.0349644 -0.226736 -0.951486 -0.0292349 -0.306302 -0.91789 0.0336906 -0.395402 -0.833464 0.0306707 -0.551722 -0.888943 -0.0270882 -0.457215 -0.802741 -0.0231871 -0.595876 -0.722642 0.0258942 -0.690737 -0.695204 -0.017523 -0.718599 -0.588854 0.0193564 -0.808008 -0.56305 -0.0190997 -0.826202 -0.436656 0.0191446 -0.899425 -0.401012 -0.0286571 -0.915625 -0.271048 0.0258781 -0.962218 -0.0968815 0.0307593 -0.994821 -0.218305 -0.0344599 -0.975272 0.0804011 0.0338058 -0.996189 -0.0277111 -0.0384174 -0.998878 0.255259 0.0349954 -0.966239 0.163765 -0.0405347 -0.985666 0.422187 0.0343318 -0.905859 0.349096 -0.0407949 -0.936199 0.57593 0.0318295 -0.816879 0.521497 -0.0392197 -0.852351 0.711612 0.0274759 -0.702035 0.67468 -0.0357869 -0.737243 0.824898 0.0212764 -0.564881 0.803062 -0.0305131 -0.595114 0.912129 0.0132317 -0.409691 0.901956 -0.0233971 -0.431193 0.970433 0.00334411 -0.241346 0.967752 -0.0144287 -0.251492 0.997837 -0.00839393 -0.0652008 0.99803 -0.0036217 -0.0626281 0.993351 0.0078109 0.114856 0.991451 -0.0134942 0.12978 0.954252 0.013499 0.2987 0.948394 -0.0134617 0.316809 0.879582 0.0134686 0.475556 0.870395 -0.0134302 0.49217 0.76718 0.0147194 0.641263 0.761025 -0.00017261 0.648723 0.597834 0.0002368 0.80162 0.597953 -0.000154879 0.801531 0.375151 -7.34142e-05 0.926964 0.375071 0.000153447 0.926996 0.127835 1.94446e-08 0.991796 0.127807 7.41581e-05 0.991799 0.107838 0.865528 0.489114 0.116411 0.860127 0.496618 0.229305 0.865232 0.445862 0.238311 0.860486 0.450302 0.335818 0.864937 0.372974 0.34434 0.860842 0.374675 0.430984 0.856444 0.284179 0.416909 0.862476 0.286919 0.494289 0.853082 0.167122 0.45427 0.869017 0.196085 0.482126 0.869761 0.105219 0.517095 0.855222 0.0347689 0.502098 0.864719 0.0126123 0.507613 0.855961 -0.0982866 0.497757 0.863276 -0.0836187 0.470259 0.85305 -0.22619 0.462341 0.869288 -0.174869 0.419953 0.869571 -0.25978 0.393392 0.855636 -0.336346 0.370603 0.86402 -0.34077 0.298681 0.864004 -0.405323 0.294629 0.855517 -0.425775 0.177994 0.853057 -0.490522 0.210415 0.869523 -0.446829 0.121278 0.869346 -0.479092 0.0458707 0.85608 -0.514805 0.029576 0.863286 -0.503848 -0.087151 0.855114 -0.511063 -0.0672477 0.864681 -0.4978 -0.215741 0.853101 -0.475052 -0.159459 0.869717 -0.467082 -0.246181 0.86908 -0.429063 -0.324167 0.859415 -0.395376 -0.333162 0.855265 -0.396895 -0.42218 0.853055 -0.306693 -0.3817 0.866757 -0.320996 -0.42731 0.867299 -0.255341 -0.482492 0.855778 -0.186668 -0.474179 0.859585 -0.190442 -0.517491 0.853715 -0.0580859 -0.4842 0.868398 -0.106934 -0.50206 0.864325 -0.0296453 -0.515302 0.853638 0.0759411 -0.500362 0.864319 0.0508975 -0.478693 0.868418 0.129241 -0.471103 0.858485 0.202649 -0.474782 0.854521 0.210657 -0.411464 0.853066 0.320899 -0.415387 0.867264 0.27442 -0.366931 0.866791 0.337692 -0.313514 0.855168 0.412793 -0.31579 0.860808 0.399106 -0.198631 0.854077 0.480727 -0.239922 0.868544 0.43367 -0.171797 0.863406 0.474358 -0.087241 0.862365 0.498713 -0.0929013 0.86513 0.492868 -0.000518582 0.859812 0.510611 -0.0266099 0.865898 0.499512 0.0259668 0.865723 0.49985 0.011654 -0.865977 0.499947 0.0215964 -0.860842 0.508414 0.137975 -0.866089 0.480471 0.150234 -0.86075 0.486353 0.255191 -0.866195 0.429631 0.269063 -0.860657 0.432289 0.347299 -0.86629 0.359062 0.406631 -0.869628 0.279997 0.37689 -0.855653 0.3547 0.453161 -0.869328 0.197269 0.458492 -0.853178 0.248741 0.493877 -0.862576 0.109765 0.500538 -0.865497 0.0193982 0.502004 -0.856018 0.123388 0.489412 -0.869434 -0.06753 0.519988 -0.854129 -0.00872395 0.476659 -0.865061 -0.156413 0.500529 -0.854227 -0.140597 0.444089 -0.863193 -0.240173 0.446917 -0.85529 -0.262191 0.387298 -0.869255 -0.307239 0.367429 -0.853467 -0.36958 0.329147 -0.866895 -0.374374 0.257325 -0.85953 -0.441579 0.265211 -0.855755 -0.444238 0.177526 -0.868591 -0.462638 0.0929298 -0.868223 -0.487393 0.138216 -0.853177 -0.502977 0.0032705 -0.859366 -0.51135 0.00649507 -0.857366 -0.514666 -0.0829884 -0.867429 -0.490591 -0.167103 -0.869061 -0.465628 -0.12693 -0.853361 -0.505632 -0.254027 -0.862359 -0.437958 -0.323102 -0.865749 -0.382209 -0.249147 -0.855638 -0.453662 -0.380101 -0.869421 -0.315642 -0.358382 -0.854012 -0.377129 -0.43751 -0.864792 -0.246413 -0.47636 -0.863519 -0.165578 -0.441982 -0.854356 -0.273364 -0.488 -0.869304 -0.0785269 -0.495723 -0.855119 -0.151761 -0.498758 -0.866687 0.00974523 -0.520628 -0.853537 -0.0205291 -0.507632 -0.85524 0.104286 -0.461064 -0.868706 0.181025 -0.498772 -0.85984 0.1091 -0.422634 -0.868079 0.260422 -0.463877 -0.853189 0.238508 -0.38011 -0.858928 0.343161 -0.305946 -0.867613 0.391975 -0.383088 -0.857631 0.343093 -0.230981 -0.868978 0.437635 -0.286496 -0.853311 0.435638 -0.158404 -0.866362 0.47363 -0.181402 -0.859588 0.477705 -0.0884158 -0.862648 0.498018 -0.0902084 -0.861922 0.498951 0.128188 -1.84728e-05 0.99175 0.128861 0.00328058 0.991657 0.376006 -0.00331326 0.926611 0.377891 0.00656305 0.925827 0.599122 -0.00657183 0.800631 0.601822 0.00980831 0.79857 0.782885 -0.00981275 0.622089 0.785803 0.0130289 0.61834 0.915234 -0.0130257 0.402712 0.917632 0.0162293 0.3971 0.987481 -0.0162084 0.156903 0.988567 0.0193976 0.149532 0.994881 -0.0193655 -0.0991814 0.993904 0.0225451 -0.107923 0.936956 -0.0224964 -0.348724 0.9333 0.0256591 -0.35818 0.817517 -0.0256035 -0.575335 0.810788 0.0287526 -0.584634 0.644416 -0.0286778 -0.764137 0.634506 0.0318204 -0.772263 0.429032 -0.0317217 -0.902732 0.416169 0.0348501 -0.908619 0.18552 -0.0347524 -0.982026 0.170271 0.0378486 -0.98467 -0.0701173 -0.0377564 -0.996824 -0.086865 0.0408474 -0.995382 -0.321101 -0.0407094 -0.946169 -0.338171 0.0437923 -0.940065 -0.550941 -0.043661 -0.833401 -0.566985 0.0467189 -0.822403 -0.744551 -0.0465768 -0.665939 -0.758126 0.0496271 -0.650217 -0.889222 -0.0494608 -0.454794 -0.898922 0.0524967 -0.434953 -0.975465 -0.0523181 -0.213849 -0.980047 0.0553392 -0.190906 -0.997633 -0.055151 0.0410656 -0.996141 0.0581597 0.0657251 -0.954291 -0.0579552 0.293207 -0.946159 0.06095 0.317913 -0.848304 -0.0607288 0.526016 -0.833439 0.0637091 0.548926 -0.686655 -0.0634819 0.724207 -0.665483 0.0664472 0.74345 -0.479975 -0.0662012 0.874781 -0.453452 0.0691526 0.888594 -0.2759 -0.0477341 0.96 -0.255578 0.0238578 0.966494 -0.093604 -0.0256312 0.99528 -0.0864673 -2.31957e-05 0.996255 -0.0516876 -7.86287e-09 0.998663 -0.153812 0.0116647 0.988031 -0.0823661 -0.0267306 0.996244 -0.2879 0.0297479 0.957198 -0.241563 -0.0233089 0.970105 -0.449878 0.023596 0.892778 -0.409081 -0.0343365 0.911852 -0.598371 0.0145607 0.801087 -0.575532 -0.0267431 0.817342 -0.728751 0.00265269 0.684774 -0.720823 -0.016276 0.692928 -0.836852 -0.0121244 0.547295 -0.839606 -0.00292967 0.543187 -0.918541 0.0102653 0.395192 -0.928131 -0.0230074 0.371542 -0.972849 0.0204164 0.23054 -0.981885 -0.0317159 0.186805 -0.997883 0.027692 0.0588386 -0.999284 -0.0375538 -0.00459296 -0.992875 0.0320951 -0.114755 -0.979845 -0.0405219 -0.195605 -0.957927 0.0336185 -0.285037 -0.924409 -0.0406021 -0.379235 -0.894011 0.032263 -0.446881 -0.802953 0.0280336 -0.595383 -0.835094 -0.037811 -0.548807 -0.687392 0.0209211 -0.725985 -0.715223 -0.0321315 -0.698157 -0.550714 0.0109375 -0.834622 -0.569212 -0.0235923 -0.821852 -0.397007 -0.00192131 -0.917814 -0.402416 -0.0121747 -0.915376 -0.232113 0.00186383 -0.972687 -0.219899 -0.0155726 -0.975398 -0.0607079 0.0139442 -0.998058 -0.0288298 -0.0262131 -0.999241 0.112662 0.0231542 -0.993364 0.282762 0.0294784 -0.958737 0.163061 -0.0339756 -0.986031 0.444462 0.0329249 -0.895192 0.348688 -0.0388537 -0.936433 0.592892 0.0334986 -0.804585 0.521266 -0.0408644 -0.852416 0.723554 0.0311881 -0.689563 0.674528 -0.0399954 -0.737165 0.832436 0.0260097 -0.553511 0.802933 -0.0362564 -0.594965 0.916145 0.0179578 -0.400444 0.901845 -0.0296466 -0.431042 0.971982 0.0070319 -0.23495 0.967674 -0.0201555 -0.251399 0.998049 -0.0067756 -0.062066 0.998006 -0.00779709 -0.0626344 0.993291 0.00647953 0.115461 0.99148 -0.013611 0.129543 0.954373 0.0136124 0.298308 0.948464 -0.0135859 0.316593 0.879776 0.0135915 0.475195 0.870497 -0.0135652 0.491986 0.767315 0.0148921 0.641097 0.761113 -0.000133828 0.648619 0.59796 -0.00011785 0.801526 0.597869 0.000180516 0.801594 0.375157 -5.27846e-05 0.926961 0.375096 0.00011856 0.926986 0.127836 1.94457e-08 0.991795 0.127814 5.86758e-05 0.991798 0.107836 0.865528 0.489114 0.116411 0.860127 0.496619 0.229307 0.865231 0.445862 0.238312 0.860486 0.450301 0.335819 0.864936 0.372976 0.344337 0.860842 0.374677 0.430997 0.856433 0.28419 0.416892 0.862477 0.286939 0.494293 0.853079 0.167124 0.454247 0.86902 0.196124 0.482124 0.869756 0.105266 0.517087 0.855227 0.0347674 0.50212 0.864705 0.0126629 0.507628 0.855951 -0.0982874 0.497746 0.863287 -0.0835725 0.470261 0.853049 -0.226191 0.462351 0.869291 -0.174827 0.419988 0.869565 -0.259742 0.393385 0.855641 -0.336344 0.370649 0.864006 -0.340753 0.298705 0.864016 -0.405281 0.294638 0.855509 -0.425785 0.210455 0.869526 -0.446803 0.177993 0.853056 -0.490523 0.121332 0.869339 -0.479091 0.0458669 0.856085 -0.514796 0.0296324 0.863268 -0.503876 -0.0871486 0.855104 -0.511079 -0.0671985 0.864689 -0.497792 -0.215742 0.853101 -0.475052 -0.159412 0.869719 -0.467094 -0.246143 0.869073 -0.429099 -0.323972 0.859628 -0.395071 -0.333552 0.855192 -0.396724 -0.42214 0.853087 -0.306661 -0.382912 0.866658 -0.319817 -0.428319 0.867822 -0.25185 -0.480918 0.856843 -0.185843 -0.478419 0.858013 -0.186895 -0.518264 0.853234 -0.0582627 -0.48609 0.868108 -0.100524 -0.499387 0.866135 -0.0205643 -0.513389 0.854794 0.0758793 -0.503277 0.86197 0.0609874 -0.477995 0.854175 0.204712 -0.474947 0.86873 0.140476 -0.454362 0.863531 0.21879 -0.410825 0.85352 0.320509 -0.410406 0.86497 0.28878 -0.352828 0.868533 0.348084 -0.309176 0.858913 0.408264 -0.308379 0.854267 0.418485 -0.199452 0.85305 0.482208 -0.223595 0.867074 0.445184 -0.0877893 0.861241 0.500557 -0.147715 0.867505 0.47499 -0.000101565 0.861916 0.507051 -0.0689493 0.866798 0.493869 0.0117089 0.865952 0.499991 0.0116536 -0.86598 0.499942 0.0215977 -0.860844 0.50841 0.137976 -0.86609 0.480469 0.150233 -0.860752 0.48635 0.255194 -0.866196 0.429629 0.269061 -0.86066 0.432286 0.347369 -0.866291 0.358993 0.406769 -0.869613 0.279843 0.376848 -0.855684 0.354669 0.453206 -0.869348 0.197076 0.458492 -0.853178 0.248741 0.494115 -0.862403 0.110049 0.500203 -0.865652 0.0210426 0.502057 -0.855986 0.123395 0.490237 -0.869214 -0.0643068 0.520362 -0.853901 -0.00877366 0.480422 -0.863677 -0.1525 0.445207 -0.864742 -0.232404 0.499774 -0.854719 -0.140288 0.3926 -0.869268 -0.300396 0.448219 -0.854308 -0.263167 0.366648 -0.854232 -0.368588 0.33914 -0.864685 -0.370545 0.270459 -0.863718 -0.425256 0.190207 -0.86923 -0.456356 0.260491 -0.854807 -0.448832 0.138051 -0.853835 -0.501904 0.108722 -0.865588 -0.488811 0.0218431 -0.862575 -0.505457 -0.0630817 -0.869095 -0.490606 0.00615599 -0.855392 -0.517945 -0.149221 -0.866382 -0.476565 -0.12683 -0.853532 -0.505368 -0.23465 -0.861322 -0.450627 -0.299868 -0.868867 -0.39389 -0.248741 -0.856059 -0.45309 -0.366205 -0.86708 -0.337738 -0.359255 -0.853322 -0.377858 -0.436843 -0.855752 -0.277232 -0.457028 -0.868541 -0.191733 -0.434647 -0.859204 -0.269909 -0.484867 -0.867677 -0.109728 -0.498836 -0.853203 -0.152337 -0.514135 -0.857417 -0.0223895 -0.492442 -0.868119 0.0622183 -0.512848 -0.85822 -0.0211087 -0.474105 -0.868179 0.146598 -0.509294 -0.853179 0.112721 -0.454541 -0.858958 0.235762 -0.396275 -0.867601 0.30039 -0.458166 -0.857323 0.234693 -0.337212 -0.868584 0.363111 -0.38792 -0.853248 0.348548 -0.27515 -0.860374 0.42901 -0.193683 -0.866979 0.459167 -0.284105 -0.856508 0.430904 -0.128349 -0.866445 0.482494 -0.180878 -0.860845 0.475635 -0.0779348 -0.863406 0.498454 -0.0904623 -0.859518 0.503037 0.128187 -2.30908e-05 0.99175 0.12886 0.00327128 0.991657 0.376006 -0.00332212 0.926611 0.377891 0.0065544 0.925827 0.599122 -0.00657931 0.800631 0.601821 0.00979811 0.798571 0.782884 -0.00982206 0.62209 0.785803 0.0130328 0.61834 0.915235 -0.0130242 0.402711 0.917632 0.0162252 0.3971 0.987481 -0.0162132 0.156903 0.988567 0.0193931 0.149533 0.994881 -0.0193704 -0.0991819 0.993904 0.0225381 -0.107923 0.936956 -0.0225029 -0.348723 0.9333 0.0256517 -0.358179 0.817518 -0.0256129 -0.575334 0.810788 0.0287443 -0.584634 0.644417 -0.0286869 -0.764136 0.634508 0.031805 -0.772262 0.429033 -0.0317396 -0.902731 0.416168 0.0348412 -0.90862 0.185523 -0.0347612 -0.982025 0.170268 0.0378671 -0.98467 -0.070121 -0.0377394 -0.996824 -0.0868612 0.04083 -0.995383 -0.321099 -0.040727 -0.94617 -0.338174 0.0437998 -0.940064 -0.550942 -0.0436553 -0.833401 -0.566984 0.0467179 -0.822403 -0.744551 -0.046579 -0.665938 -0.758126 0.0496202 -0.650218 -0.889222 -0.0494641 -0.454794 -0.898922 0.0524866 -0.434954 -0.975464 -0.0523264 -0.213849 -0.980047 0.0553361 -0.190906 -0.997633 -0.055153 0.0410659 -0.996142 0.0581526 0.0657244 -0.95429 -0.0579617 0.293207 -0.94616 0.0609405 0.317912 -0.848304 -0.060739 0.526014 -0.83344 0.0637044 0.548926 -0.686654 -0.0634894 0.724207 -0.665484 0.0664352 0.74345 -0.479976 -0.066214 0.874779 -0.453452 0.0691483 0.888594 -0.275899 -0.0477392 0.96 -0.255577 0.023853 0.966495 -0.0936032 -0.0256362 0.995279 -0.0864677 -3.24744e-05 0.996255 -0.0593604 -9.03065e-09 0.998237 -0.176391 0.0141688 0.984218 -0.0811747 -0.0216669 0.996464 -0.31641 0.0330925 0.948045 -0.239207 -0.0283189 0.970555 -0.475392 0.0264337 0.879377 -0.417344 -0.0504105 0.907349 -0.621038 0.00322893 0.783774 -0.602005 -0.0355058 0.797703 -0.747001 -0.00339807 0.664814 -0.759094 -0.0305348 0.650264 -0.84926 0.0231171 0.527468 -0.926924 0.0330846 0.373789 -0.880836 -0.048747 0.470905 -0.961315 -0.0504404 0.270794 -0.977719 0.0265187 0.208238 -0.997614 -0.035635 0.059126 -0.999368 0.00340892 0.0353772 -0.990472 -0.00359376 -0.137669 -0.987279 -0.0304029 -0.156061 -0.952209 0.0230237 -0.30458 -0.929702 -0.0487027 -0.365078 -0.88556 0.0330786 -0.463347 -0.829552 -0.0504902 -0.556142 -0.792444 0.026593 -0.609365 -0.674873 0.00356673 -0.737926 -0.691956 -0.0357481 -0.721054 -0.536889 -0.0119426 -0.843569 -0.533273 -0.00397024 -0.845934 -0.384714 0.00786575 -0.923002 -0.383255 0.0103367 -0.923585 -0.219169 -0.00660526 -0.975664 -0.220366 -0.00879443 -0.975378 -0.0486414 0.00600515 -0.998798 -0.0292638 -0.0200119 -0.999371 0.123382 0.0176897 -0.992202 0.291885 0.0261096 -0.956097 0.162792 -0.0300558 -0.986203 0.451844 0.0312677 -0.891549 0.348548 -0.0368369 -0.936567 0.598514 0.0331706 -0.800426 0.521201 -0.0403683 -0.852479 0.727512 0.0318098 -0.685357 0.674493 -0.0406364 -0.737162 0.83494 0.0271997 -0.549668 0.802905 -0.0376554 -0.594916 0.917485 0.0193313 -0.397301 0.901816 -0.0314206 -0.430977 0.972504 0.00820916 -0.232741 0.967649 -0.0219262 -0.251346 0.998124 -0.00617381 -0.0609215 0.997996 -0.00918074 -0.0626131 0.993256 0.00596703 0.115786 0.991489 -0.0135746 0.129479 0.954376 0.0135743 0.298298 0.948485 -0.0135532 0.316532 0.879783 0.0135587 0.475182 0.87053 -0.0135339 0.49193 0.767316 0.0148666 0.641097 0.761134 -0.000117212 0.648595 0.597944 -0.00010224 0.801538 0.597867 0.000151335 0.801595 0.375146 -4.64215e-05 0.926966 0.375094 9.93263e-05 0.926987 0.127813 4.76485e-05 0.991798 0.127831 1.94461e-08 0.991796 0.107836 0.865527 0.489115 0.116416 0.860123 0.496625 0.229304 0.865234 0.445858 0.238329 0.860478 0.450308 0.335812 0.864943 0.372965 0.344369 0.860831 0.374674 0.430975 0.85645 0.284172 0.416946 0.862464 0.286899 0.494294 0.853078 0.167125 0.45431 0.869006 0.196038 0.482139 0.869762 0.105148 0.517118 0.855207 0.0347732 0.502072 0.864735 0.0125296 0.507595 0.855972 -0.0982853 0.497787 0.863251 -0.0837017 0.470264 0.853047 -0.226192 0.462328 0.869276 -0.17496 0.419895 0.869576 -0.259858 0.393418 0.855617 -0.336366 0.370491 0.864046 -0.340825 0.298629 0.863973 -0.405427 0.294612 0.855532 -0.425757 0.210321 0.869511 -0.446896 0.177997 0.853052 -0.490529 0.121156 0.869354 -0.479108 0.0458784 0.856053 -0.514848 0.0294345 0.863318 -0.503801 -0.0871477 0.85513 -0.511037 -0.0673836 0.864643 -0.497848 -0.215744 0.853095 -0.475061 -0.159596 0.869705 -0.467057 -0.246296 0.869092 -0.428972 -0.326793 0.856526 -0.399461 -0.329932 0.862532 -0.383644 -0.420107 0.854756 -0.304798 -0.393861 0.865281 -0.310101 -0.48631 0.853173 -0.188677 -0.439254 0.869865 -0.224479 -0.475792 0.868794 -0.137185 -0.51212 0.857031 -0.0568505 -0.505264 0.861709 -0.0465482 -0.514001 0.854425 0.0758983 -0.497649 0.865871 0.0511238 -0.479396 0.853288 0.205131 -0.471538 0.869987 0.144136 -0.437871 0.868453 0.232505 -0.401282 0.860205 0.314674 -0.402856 0.856623 0.322341 -0.314712 0.854122 0.414043 -0.321347 0.866427 0.382152 -0.199142 0.853439 0.481647 -0.238531 0.870071 0.431368 -0.0878346 0.86115 0.500705 -0.153266 0.868074 0.472184 -0.00011176 0.861859 0.507148 -0.068346 0.866845 0.493871 0.0119073 0.865948 0.499993 0.0116517 -0.865981 0.499941 0.0215961 -0.860845 0.508409 0.137967 -0.866093 0.480466 0.150234 -0.860751 0.486351 0.255181 -0.866199 0.429629 0.269063 -0.860658 0.432288 0.347364 -0.866295 0.358987 0.406772 -0.869614 0.279835 0.376842 -0.855689 0.354665 0.453205 -0.869349 0.19707 0.458489 -0.85318 0.248739 0.494206 -0.862331 0.110205 0.500068 -0.865716 0.021644 0.502056 -0.855987 0.123396 0.49053 -0.869129 -0.0631988 0.520478 -0.85383 -0.00878961 0.481731 -0.863179 -0.151189 0.445636 -0.865199 -0.229868 0.499483 -0.854909 -0.140169 0.394442 -0.869188 -0.298208 0.448562 -0.854048 -0.263426 0.366279 -0.854591 -0.368122 0.342581 -0.863814 -0.369409 0.273233 -0.864641 -0.421592 0.194447 -0.869215 -0.454593 0.260826 -0.854301 -0.449598 0.13793 -0.854304 -0.501139 0.114008 -0.864415 -0.489683 0.0279192 -0.864041 -0.502646 -0.0567604 -0.869207 -0.49118 0.00601857 -0.854585 -0.519277 -0.143595 -0.86497 -0.48084 -0.225789 -0.86341 -0.451157 -0.126529 -0.85405 -0.504569 -0.293052 -0.869168 -0.39833 -0.249859 -0.854896 -0.454668 -0.362528 -0.865493 -0.345682 -0.358613 -0.85383 -0.377322 -0.420949 -0.862736 -0.280158 -0.452212 -0.869095 -0.200443 -0.440658 -0.855239 -0.272739 -0.485435 -0.865979 -0.120137 -0.49813 -0.853639 -0.152206 -0.505717 -0.862019 -0.0342675 -0.492259 -0.868988 0.050407 -0.517203 -0.85561 -0.0207846 -0.480353 -0.866428 0.136248 -0.50882 -0.853483 0.112558 -0.457146 -0.861264 0.221904 -0.402549 -0.868851 0.288186 -0.459988 -0.856013 0.235909 -0.349012 -0.866843 0.356054 -0.387798 -0.85336 0.348411 -0.291527 -0.854966 0.429004 -0.206586 -0.868678 0.450246 -0.281788 -0.859561 0.426321 -0.139312 -0.866969 0.478495 -0.181474 -0.859417 0.477985 -0.081782 -0.863141 0.498296 -0.0903952 -0.860164 0.501944 0.128186 -3.23276e-05 0.99175 0.12886 0.00327116 0.991657 0.376007 -0.0033226 0.926611 0.37789 0.00654497 0.925827 0.59912 -0.00658811 0.800632 0.601822 0.00980562 0.79857 0.782885 -0.00981655 0.622089 0.785803 0.0130291 0.618339 0.915235 -0.0130285 0.402711 0.917631 0.0162152 0.397101 0.987481 -0.0162214 0.156904 0.988567 0.0193907 0.149533 0.994881 -0.0193726 -0.0991818 0.993904 0.0225349 -0.107923 0.936956 -0.0225084 -0.348723 0.9333 0.0256517 -0.35818 0.817517 -0.025613 -0.575334 0.810788 0.0287424 -0.584634 0.644417 -0.0286885 -0.764136 0.634507 0.0318118 -0.772263 0.429033 -0.0317309 -0.902731 0.416168 0.0348492 -0.90862 0.185521 -0.0347524 -0.982026 0.170272 0.0378496 -0.98467 -0.07012 -0.037758 -0.996824 -0.0868639 0.0408289 -0.995383 -0.321099 -0.0407275 -0.94617 -0.338171 0.0437833 -0.940066 -0.55094 -0.0436703 -0.833401 -0.566986 0.0467228 -0.822401 -0.744552 -0.0465757 -0.665937 -0.758126 0.0496149 -0.650218 -0.889221 -0.0494697 -0.454795 -0.898922 0.0524865 -0.434954 -0.975464 -0.0523292 -0.213849 -0.980048 0.0553317 -0.190906 -0.997633 -0.0551577 0.0410653 -0.996142 0.0581498 0.0657241 -0.95429 -0.0579668 0.293207 -0.94616 0.0609375 0.317913 -0.848304 -0.060744 0.526013 -0.83344 0.0637019 0.548926 -0.686654 -0.0634919 0.724207 -0.665484 0.0664361 0.74345 -0.479975 -0.0662153 0.87478 -0.453452 0.0691442 0.888594 -0.2759 -0.0477436 0.96 -0.255579 0.0238445 0.966494 -0.0936046 -0.0256452 0.995279 -0.0864653 -2.78351e-05 0.996255 -0.0587188 -8.93362e-09 0.998275 -0.174483 0.0143548 0.984556 -0.0820854 -0.0229735 0.996361 -0.314017 0.0332009 0.948837 -0.241658 -0.0286945 0.969937 -0.472945 0.0313136 0.880535 -0.409089 -0.0403596 0.911602 -0.617931 0.0262005 0.785796 -0.575634 -0.0368594 0.816876 -0.744565 0.0178672 0.667311 -0.720986 -0.0301438 0.692294 -0.848902 0.00631451 0.528513 -0.83986 -0.0202039 0.542427 -0.927593 -0.00845645 0.373497 -0.927895 -0.00704403 0.372775 -0.977883 0.00749813 0.20902 -0.981988 -0.0212445 0.187746 -0.999099 0.0187604 0.0380696 -0.999515 -0.0308961 -0.00391712 -0.990598 0.0268045 -0.134152 -0.98006 -0.0373277 -0.195166 -0.952617 0.0316249 -0.302525 -0.92452 -0.0405254 -0.378972 -0.886233 0.0332161 -0.462047 -0.793335 0.0315859 -0.607965 -0.835071 -0.0405125 -0.548649 -0.676584 0.0267353 -0.73588 -0.715081 -0.0372648 -0.698047 -0.539351 0.0186597 -0.841875 -0.568981 -0.0308072 -0.821773 -0.385641 0.00737671 -0.92262 -0.402132 -0.0211357 -0.915338 -0.22004 -0.00714168 -0.975465 -0.220634 -0.00823287 -0.975322 -0.0494847 0.00644041 -0.998754 -0.0294933 -0.0203233 -0.999358 0.122652 0.0179778 -0.992287 0.291289 0.0262766 -0.956274 0.162558 -0.0302363 -0.986236 0.451384 0.0313539 -0.891779 0.348315 -0.0369181 -0.93665 0.598188 0.0332119 -0.800668 0.520984 -0.0403885 -0.852611 0.727307 0.0318418 -0.685573 0.674306 -0.0406317 -0.737334 0.834832 0.0272639 -0.549829 0.802751 -0.037659 -0.595124 0.917446 0.0194615 -0.397385 0.901703 -0.0314691 -0.431209 0.972504 0.00844069 -0.232732 0.967582 -0.0220589 -0.251591 0.998132 -0.00580517 -0.060816 0.997978 -0.00943521 -0.0628626 0.993232 0.005636 0.116014 0.991532 -0.0132186 0.129191 0.954303 0.0132206 0.298547 0.948582 -0.0131984 0.316258 0.879664 0.0131979 0.475413 0.87068 -0.0131766 0.491674 0.767227 0.0144481 0.641213 0.761219 -0.000126562 0.648494 0.597946 -0.000110465 0.801537 0.597861 0.000166925 0.8016 0.375146 -5.27441e-05 0.926966 0.375089 0.000109886 0.926989 0.127831 1.94473e-08 0.991796 0.127812 5.07727e-05 0.991798 0.107837 0.865525 0.489119 0.116417 0.860121 0.496628 0.229304 0.865232 0.445863 0.238328 0.860476 0.450312 0.335815 0.864941 0.372968 0.34437 0.860829 0.374677 0.43097 0.856454 0.284167 0.41696 0.862461 0.286888 0.494295 0.853078 0.167126 0.45433 0.869001 0.196013 0.482145 0.869762 0.10512 0.517129 0.855201 0.0347759 0.502062 0.864742 0.0124964 0.507587 0.855976 -0.0982854 0.4978 0.86324 -0.0837358 0.470266 0.853046 -0.226191 0.462325 0.869272 -0.174988 0.419878 0.869577 -0.259882 0.393427 0.85561 -0.336373 0.37046 0.864052 -0.340843 0.298615 0.863964 -0.405458 0.294609 0.855535 -0.425752 0.2103 0.869508 -0.446912 0.177998 0.853051 -0.490532 0.121128 0.869355 -0.479114 0.0458806 0.856046 -0.514859 0.0294046 0.863324 -0.503793 -0.087148 0.855131 -0.511034 -0.0674103 0.864634 -0.497859 -0.215747 0.853092 -0.475067 -0.159623 0.869701 -0.467056 -0.23893 0.865451 -0.440349 -0.326865 0.856445 -0.399576 -0.312595 0.862486 -0.397998 -0.42143 0.853671 -0.30601 -0.378535 0.869589 -0.31706 -0.486397 0.853114 -0.188721 -0.435202 0.871349 -0.226605 -0.515782 0.854775 -0.0576933 -0.474462 0.870883 -0.128251 -0.49575 0.868124 -0.0243547 -0.500738 0.862303 0.075465 -0.507812 0.857452 0.083085 -0.473285 0.857129 0.203303 -0.466327 0.864579 0.187198 -0.410166 0.853988 0.320106 -0.408231 0.869065 0.279416 -0.315935 0.853051 0.415318 -0.335782 0.871206 0.35812 -0.198417 0.854344 0.48034 -0.251207 0.871119 0.421956 -0.08793 0.860954 0.501026 -0.156677 0.868758 0.469801 -0.000133861 0.861735 0.507359 -0.0669663 0.866946 0.493882 0.0123541 0.86594 0.499996 0.011651 -0.865983 0.499937 0.0215955 -0.860847 0.508405 0.137967 -0.866095 0.480462 0.150233 -0.860754 0.486347 0.255179 -0.866202 0.429626 0.269061 -0.86066 0.432286 0.347321 -0.866296 0.359026 0.406687 -0.869625 0.279924 0.376864 -0.855672 0.354681 0.453175 -0.86934 0.197182 0.458486 -0.853182 0.248738 0.494227 -0.862306 0.110311 0.500032 -0.865735 0.0217126 0.502021 -0.856008 0.123391 0.49052 -0.869136 -0.0631858 0.52048 -0.853828 -0.00878904 0.481692 -0.863196 -0.151215 0.445611 -0.865185 -0.229969 0.499482 -0.854909 -0.140169 0.394343 -0.869197 -0.298312 0.448544 -0.854062 -0.263412 0.366299 -0.854571 -0.368148 0.342377 -0.86387 -0.369469 0.273056 -0.864589 -0.421813 0.194166 -0.869223 -0.454698 0.260806 -0.854334 -0.449549 0.137938 -0.854271 -0.501193 0.113644 -0.864503 -0.489612 0.0274958 -0.863948 -0.50283 -0.0572153 -0.869209 -0.491123 0.00602919 -0.854638 -0.519189 -0.144006 -0.865088 -0.480506 -0.22644 -0.863268 -0.451101 -0.126554 -0.854007 -0.504635 -0.29356 -0.86916 -0.397975 -0.249783 -0.854976 -0.454559 -0.362795 -0.865633 -0.345049 -0.358676 -0.85378 -0.377375 -0.421661 -0.86254 -0.27969 -0.452564 -0.869072 -0.199747 -0.440492 -0.855349 -0.27266 -0.485356 -0.866139 -0.1193 -0.498214 -0.853588 -0.152222 -0.506213 -0.861764 -0.0333388 -0.492233 -0.868947 0.0513505 -0.516963 -0.855755 -0.020803 -0.4798 -0.866604 0.137077 -0.508897 -0.853434 0.112585 -0.457135 -0.860945 0.223163 -0.401995 -0.868787 0.289153 -0.459736 -0.856194 0.235741 -0.347996 -0.867029 0.356594 -0.387843 -0.853317 0.348463 -0.290118 -0.855475 0.428946 -0.205499 -0.868586 0.45092 -0.282006 -0.859276 0.426752 -0.138394 -0.866951 0.478793 -0.18144 -0.859496 0.477855 -0.0814604 -0.863166 0.498306 -0.0904036 -0.860101 0.50205 0.128186 -2.77092e-05 0.99175 0.12886 0.00327578 0.991657 0.376008 -0.0033183 0.926611 0.37789 0.00654404 0.925828 0.599121 -0.0065895 0.800632 0.601821 0.00979467 0.798571 0.782884 -0.0098268 0.62209 0.785803 0.0130255 0.618339 0.915234 -0.0130328 0.402712 0.917632 0.0162189 0.397101 0.987481 -0.0162201 0.156904 0.988567 0.0193861 0.149533 0.994881 -0.0193771 -0.0991809 0.993904 0.0225346 -0.107923 0.936956 -0.0225041 -0.348723 0.9333 0.0256539 -0.35818 0.817517 -0.0256062 -0.575336 0.810788 0.0287405 -0.584634 0.644417 -0.0286901 -0.764136 0.634509 0.0317966 -0.772261 0.429034 -0.0317489 -0.90273 0.416167 0.0348398 -0.90862 0.18552 -0.0347621 -0.982025 0.170271 0.0378398 -0.98467 -0.0701167 -0.0377662 -0.996824 -0.0868625 0.0408296 -0.995383 -0.3211 -0.0407281 -0.946169 -0.338173 0.0437904 -0.940065 -0.550941 -0.0436641 -0.833401 -0.566984 0.0467079 -0.822404 -0.744551 -0.0465888 -0.665938 -0.758126 0.0496087 -0.650218 -0.889221 -0.0494741 -0.454794 -0.898922 0.0524863 -0.434953 -0.975464 -0.0523293 -0.213849 -0.980048 0.0553274 -0.190907 -0.997633 -0.0551622 0.0410654 -0.996142 0.058149 0.0657252 -0.954291 -0.057966 0.293206 -0.94616 0.0609388 0.317912 -0.848304 -0.0607418 0.526014 -0.83344 0.0636985 0.548926 -0.686653 -0.0634949 0.724207 -0.665485 0.0664213 0.74345 -0.479976 -0.0662315 0.874778 -0.453453 0.0691314 0.888595 -0.2759 -0.0477572 0.959999 -0.25558 0.0238309 0.966494 -0.0936052 -0.0256593 0.995279 -0.086462 -2.78351e-05 0.996255 -0.0592282 0.00193014 0.998243 -0.0574541 -1.15278e-08 0.998348 -0.176983 0.00373353 0.984207 -0.171721 -0.00186741 0.985144 -0.312029 0.0109518 0.950009 -0.301164 -0.00482675 0.95356 -0.45996 0.0159367 0.887797 -0.441771 -0.0102193 0.89707 -0.596058 0.0200973 0.80269 -0.572175 -0.0147921 0.819998 -0.689391 -0.0185502 0.724152 -0.71681 0.0234407 0.696874 -0.790756 -0.0214858 0.611755 -0.819098 0.0259709 0.573066 -0.873973 -0.023599 0.485401 -0.900269 0.0276756 0.434454 -0.937166 -0.0249003 0.347994 -0.958224 0.0285617 0.284588 -0.978915 -0.0253759 0.202687 -0.991446 0.0286279 0.12734 -0.998291 -0.0250356 0.0527963 -0.999058 0.0278765 -0.033252 -0.980836 0.0263149 -0.193048 -0.994874 -0.0238813 -0.0982647 -0.937218 0.0239259 -0.347922 -0.968754 -0.0219048 -0.247056 -0.869304 0.0207223 -0.493844 -0.920543 -0.0191034 -0.390175 -0.85135 -0.0154918 -0.52437 -0.778816 0.0166991 -0.627031 -0.762763 -0.0110547 -0.646583 -0.668075 0.0118517 -0.744 -0.656822 -0.00579328 -0.754024 -0.539643 0.000298672 -0.841894 -0.53625 0.00654069 -0.844034 -0.39732 -0.00692125 -0.917654 -0.393675 -0.000322581 -0.91925 -0.245876 0.00617472 -0.969282 -0.0882576 0.0216032 -0.995863 -0.219704 -0.0271967 -0.975187 0.0720787 0.0283691 -0.996995 -0.0286556 -0.0382802 -0.998856 0.231082 0.0264624 -0.972574 0.162856 -0.04071 -0.98581 0.384665 0.015887 -0.92292 0.34795 -0.0344722 -0.936879 0.528675 -0.00335529 -0.848818 0.519995 -0.0195748 -0.853945 0.6576 0.00317229 -0.75336 0.769061 0.0198753 -0.638866 0.673738 -0.0248325 -0.738553 0.861107 0.0279122 -0.507658 0.802576 -0.0371909 -0.595389 0.931372 0.0272906 -0.363045 0.901514 -0.0408887 -0.430814 0.977843 0.0179991 -0.208567 0.967328 -0.035934 -0.250968 0.998844 4.23982e-05 -0.0480679 0.997803 -0.0223291 -0.0623756 0.992765 -4.45134e-05 0.12007 0.991583 -0.0126736 0.128854 0.954161 0.012674 0.299024 0.948698 -0.0126489 0.315931 0.879434 0.0126512 0.475853 0.870857 -0.0126248 0.491374 0.767059 0.013807 0.641428 0.761315 -0.000140267 0.648382 0.597943 -0.000120601 0.801539 0.59785 0.000182738 0.801608 0.375146 -5.84669e-05 0.926966 0.375082 0.000122602 0.926992 0.12783 1.94484e-08 0.991796 0.127809 5.67722e-05 0.991799 0.107837 0.865522 0.489124 0.116417 0.860117 0.496634 0.229306 0.865228 0.445869 0.238326 0.860475 0.450316 0.335818 0.864938 0.372973 0.344369 0.860828 0.374681 0.43094 0.856478 0.284142 0.417004 0.862456 0.28684 0.494293 0.853079 0.167125 0.454409 0.868985 0.195903 0.482162 0.869769 0.104985 0.517164 0.855179 0.0347811 0.502012 0.864773 0.0123525 0.507554 0.855996 -0.098282 0.497845 0.863201 -0.0838684 0.470268 0.853045 -0.226193 0.462304 0.869258 -0.175117 0.419798 0.869584 -0.259986 0.393459 0.855587 -0.336394 0.370327 0.864084 -0.340906 0.298555 0.863928 -0.405577 0.294589 0.855553 -0.425731 0.210197 0.869495 -0.446986 0.178 0.853048 -0.490536 0.121001 0.869364 -0.479129 0.0458889 0.856023 -0.514897 0.0292683 0.863357 -0.503744 -0.0871464 0.855148 -0.511007 -0.0675338 0.864602 -0.497898 -0.215748 0.853087 -0.475074 -0.159738 0.869691 -0.467035 -0.246417 0.869104 -0.428879 -0.326819 0.856496 -0.399505 -0.330005 0.862572 -0.383491 -0.420089 0.854771 -0.30478 -0.393994 0.865245 -0.310034 -0.486324 0.853164 -0.188683 -0.439334 0.869854 -0.224365 -0.475811 0.868806 -0.137042 -0.51217 0.856999 -0.0568643 -0.505208 0.86175 -0.0463909 -0.513981 0.854437 0.0758993 -0.497691 0.865839 0.0512573 -0.479413 0.853277 0.205135 -0.471515 0.869977 0.144268 -0.437786 0.868467 0.232613 -0.401238 0.860235 0.314647 -0.402855 0.856564 0.322499 -0.3147 0.854133 0.41403 -0.321284 0.866396 0.382275 -0.19915 0.853428 0.481665 -0.238426 0.870065 0.43144 -0.0878447 0.861131 0.500736 -0.153135 0.868088 0.4722 -0.000115327 0.861847 0.507169 -0.0682485 0.866849 0.493878 0.0119386 0.865944 0.499998 0.01165 -0.865986 0.499933 0.0215957 -0.860849 0.508403 0.137966 -0.866097 0.48046 0.150231 -0.860756 0.486344 0.255175 -0.866204 0.429624 0.26906 -0.860662 0.432283 0.347235 -0.866297 0.359105 0.406526 -0.869645 0.280097 0.376908 -0.855639 0.354715 0.453116 -0.86932 0.197403 0.45848 -0.853186 0.248736 0.495329 -0.861419 0.112282 0.498666 -0.866331 0.0283489 0.501952 -0.85605 0.123382 0.494287 -0.867782 -0.0513286 0.521368 -0.853286 -0.00890629 0.495342 -0.85759 -0.138477 0.4973 -0.856621 -0.137451 0.452096 -0.868154 -0.20474 0.449413 -0.853403 -0.264066 0.41676 -0.865619 -0.277516 0.369976 -0.862799 -0.344522 0.366334 -0.854537 -0.368192 0.304857 -0.868662 -0.390497 0.260515 -0.854771 -0.448886 0.242375 -0.862091 -0.445032 0.166509 -0.866139 -0.471251 0.0886987 -0.867893 -0.488768 0.138179 -0.853328 -0.502731 0.0069436 -0.857065 -0.515161 -0.0704209 -0.868063 -0.491434 0.00648983 -0.857348 -0.514696 -0.14996 -0.865826 -0.477344 -0.22782 -0.862489 -0.451896 -0.126934 -0.853352 -0.505647 -0.289831 -0.868668 -0.401764 -0.250072 -0.854675 -0.454966 -0.359225 -0.8624 -0.356684 -0.406309 -0.865944 -0.291641 -0.3576 -0.854628 -0.376475 -0.444389 -0.867991 -0.221607 -0.44345 -0.853374 -0.274052 -0.492027 -0.857488 -0.150412 -0.491718 -0.867968 -0.0696097 -0.49244 -0.85712 -0.151155 -0.499893 -0.866022 0.0106436 -0.498047 -0.862178 0.0927328 -0.521005 -0.853307 -0.0205008 -0.466718 -0.868667 0.166108 -0.506735 -0.854817 0.11184 -0.442404 -0.862697 0.245015 -0.393751 -0.865743 0.308949 -0.462086 -0.854494 0.237311 -0.336808 -0.868083 0.364681 -0.387723 -0.853429 0.348325 -0.281556 -0.857893 0.42982 -0.204223 -0.867868 0.452878 -0.283808 -0.856902 0.430316 -0.139287 -0.866972 0.478497 -0.18147 -0.859423 0.477976 -0.0817748 -0.863145 0.498291 -0.090395 -0.860165 0.50194 0.128186 -2.77092e-05 0.99175 0.12886 0.00327556 0.991657 0.376007 -0.00331895 0.926611 0.377889 0.00654318 0.925828 0.599121 -0.00659091 0.800631 0.601822 0.00979388 0.79857 0.782883 -0.00982753 0.622091 0.785801 0.0130182 0.618342 0.915234 -0.0130387 0.402712 0.917632 0.0162143 0.3971 0.987481 -0.0162245 0.156904 0.988567 0.0193853 0.149533 0.994881 -0.0193805 -0.0991809 0.993904 0.022529 -0.107922 0.936956 -0.0225117 -0.348723 0.9333 0.0256505 -0.35818 0.817517 -0.0256116 -0.575335 0.810789 0.0287325 -0.584633 0.644417 -0.0286995 -0.764136 0.634508 0.0317939 -0.772262 0.429034 -0.0317503 -0.90273 0.416169 0.0348317 -0.90862 0.185523 -0.0347709 -0.982025 0.170271 0.037849 -0.98467 -0.07012 -0.0377578 -0.996824 -0.086862 0.0408204 -0.995384 -0.321098 -0.040737 -0.946169 -0.338171 0.0437813 -0.940066 -0.550941 -0.0436744 -0.8334 -0.566985 0.0467043 -0.822403 -0.74455 -0.0465916 -0.665939 -0.758126 0.0496129 -0.650218 -0.889221 -0.049472 -0.454794 -0.898922 0.0524804 -0.434955 -0.975464 -0.0523363 -0.213849 -0.980048 0.0553223 -0.190907 -0.997632 -0.0551664 0.0410648 -0.996142 0.0581451 0.0657247 -0.95429 -0.0579682 0.293207 -0.94616 0.0609321 0.317912 -0.848303 -0.0607479 0.526014 -0.833441 0.0636921 0.548926 -0.686654 -0.0635013 0.724205 -0.665484 0.0664281 0.74345 -0.479976 -0.0662214 0.874779 -0.453452 0.0691438 0.888595 -0.275898 -0.0477453 0.96 -0.255579 0.0238352 0.966494 -0.0936049 -0.0256546 0.995279 -0.0864683 -4.63918e-05 0.996255 -0.0655361 5.48654e-08 0.99785 -0.130451 -0.0337054 0.990882 -0.341407 -0.000177959 0.939915 -0.195482 0.000135703 0.980707 -0.38253 -0.0282382 0.923511 -0.496597 0.0133278 0.867879 -0.608553 -0.0262269 0.79308 -0.760877 0.00188412 0.648893 -0.638676 -0.00203384 0.769473 -0.79308 -0.0262479 0.608552 -0.860412 0.0118098 0.509463 -0.923647 -0.0224388 0.382587 -0.982028 0.00338452 0.188703 -0.935352 -0.00397492 0.353696 -0.991148 -0.0244715 0.130487 -0.999781 0.0104196 0.018146 -0.991262 -0.0191813 -0.130502 -0.947171 0.00447427 -0.320698 -0.988003 -0.00571993 -0.154331 -0.923638 -0.0228555 -0.382583 -0.878349 0.00912826 -0.477933 -0.780394 -0.019696 -0.624978 -0.782004 -0.0251269 -0.622766 -0.665884 0.0180298 -0.745838 -0.66583 0.0181268 -0.745883 -0.574267 -0.0109627 -0.818594 -0.528793 0.0328109 -0.848116 -0.793353 0 -0.608762 -0.793353 -1.45299e-05 -0.608762 -0.656065 -1.20151e-05 -0.754705 -0.375711 0.0327868 -0.926157 -0.451245 -0.0315768 -0.891841 -0.54633 0.0428103 -0.836476 -0.547054 -0.438698 -0.712934 -0.211525 0.0326787 -0.976826 -0.289291 -0.0358959 -0.956568 -0.40918 -0.0620642 -0.910341 -0.0410058 0.0311424 -0.998673 -0.110208 -0.0376375 -0.993196 -0.374483 -0.205925 -0.904078 -0.266788 0.0783263 -0.960567 0.130994 0.0259184 -0.991044 0.0784526 -0.037065 -0.996229 -0.103273 -0.043067 -0.99372 -0.128974 -0.153796 -0.979649 0.299377 0.0171027 -0.953982 0.266981 -0.030045 -0.963233 0.0593681 0.034554 -0.997638 0.459092 0.00472781 -0.888376 0.445618 -0.0194625 -0.895011 0.129466 -0.12726 -0.983384 0.23874 0.0619073 -0.969108 0.607826 -0.00529349 -0.794053 0.605213 -0.0112282 -0.795984 0.731772 0.00958125 -0.681482 0.381003 -0.0936295 -0.919821 0.42304 0.010268 -0.906053 0.748865 -0.0236784 -0.662299 0.589347 -0.0113858 -0.8078 0.837178 0.0206864 -0.546539 0.607664 -0.0600343 -0.791922 0.861658 -0.0329918 -0.506415 0.918072 0.028213 -0.395409 0.730259 0.0380589 -0.68211 0.942457 -0.0387219 -0.332077 0.972061 0.0321621 -0.232515 0.84735 0.033948 -0.529949 0.791037 -0.0763506 -0.606985 0.988473 -0.0408804 -0.145775 0.997508 0.0325299 -0.0626068 0.934334 -0.00499308 -0.356365 0.922699 -0.0505436 -0.382194 0.998177 -0.0394708 0.0456656 0.992899 0.0342724 0.113918 0.985097 0.00464806 -0.171935 0.976486 -0.0246803 0.214163 0.954279 0.0400585 0.296222 0.999413 0.0292382 0.0178776 0.990291 -0.0482305 -0.130374 0.880106 0.0298711 0.473837 0.91003 -0.0711091 0.408397 0.979593 0.0122166 0.200618 0.990034 -0.053328 0.130341 0.766926 -0.000275819 0.641735 0.779111 -0.0428928 0.625417 0.914219 0.0142798 0.404969 0.923707 -0.0193415 0.382612 0.597946 -0.000219314 0.801536 0.597777 0.000338114 0.801663 0.781631 0.010096 0.62366 0.79327 -0.0145146 0.608697 0.375148 -0.000100196 0.926965 0.375036 0.000217654 0.92701 0.597909 0.00637983 0.801539 0.60873 -0.0102794 0.793311 0.127833 1.94502e-08 0.991796 0.127795 9.94012e-05 0.991801 0.375087 0.00303845 0.926985 0.382675 -0.00650658 0.92386 0.127752 -1.06951e-07 0.991806 0.130525 -0.00310256 0.99144 0.107837 0.865521 0.489127 0.116414 0.860118 0.496634 0.229309 0.865225 0.445873 0.238322 0.860475 0.450317 0.335822 0.864934 0.372979 0.344362 0.860829 0.374684 0.430905 0.856505 0.284112 0.417053 0.862451 0.286783 0.494292 0.85308 0.167125 0.454501 0.868965 0.195778 0.482183 0.869776 0.104831 0.517205 0.855155 0.0347886 0.501954 0.864808 0.0121871 0.507514 0.856021 -0.0982789 0.497896 0.863157 -0.0840231 0.470271 0.853043 -0.226194 0.462281 0.869241 -0.17526 0.419707 0.869593 -0.260104 0.393494 0.855562 -0.336417 0.370177 0.86412 -0.340978 0.298486 0.863888 -0.405713 0.294567 0.855573 -0.425705 0.178003 0.853045 -0.49054 0.210085 0.869481 -0.447064 0.120861 0.869375 -0.479145 0.0458965 0.855999 -0.514936 0.0291206 0.863393 -0.503691 -0.0871442 0.855165 -0.510978 -0.067664 0.864568 -0.497939 -0.215751 0.853083 -0.47508 -0.159865 0.869681 -0.467011 -0.242954 0.867385 -0.4343 -0.328152 0.855015 -0.40158 -0.315871 0.860004 -0.400772 -0.420182 0.854695 -0.304865 -0.363722 0.868208 -0.337523 -0.419877 0.86088 -0.287382 -0.486465 0.853066 -0.188758 -0.450036 0.866688 -0.215219 -0.478549 0.865929 -0.145455 -0.517086 0.853967 -0.0579928 -0.500774 0.862468 -0.073313 -0.496386 0.868091 0.00432743 -0.509102 0.857368 0.0757403 -0.512093 0.855239 0.079542 -0.479201 0.853412 0.205072 -0.47338 0.8676 0.152254 -0.450477 0.864306 0.22371 -0.411125 0.853306 0.320694 -0.411346 0.864469 0.288943 -0.358694 0.86756 0.344497 -0.312862 0.855734 0.412113 -0.313828 0.858481 0.405613 -0.198577 0.854145 0.480629 -0.239116 0.868104 0.434993 -0.175642 0.862208 0.475129 -0.0878779 0.861061 0.500851 -0.0997813 0.866029 0.489936 -0.000502546 0.859886 0.510486 -0.033639 0.866671 0.497744 0.0235393 0.865763 0.499901 0.0116509 -0.865987 0.499931 0.0215945 -0.860851 0.508399 0.137967 -0.866098 0.480457 0.150229 -0.860758 0.48634 0.25518 -0.866205 0.42962 0.269055 -0.860666 0.432278 0.34742 -0.8663 0.358919 0.406882 -0.869607 0.279698 0.376797 -0.855722 0.354632 0.453237 -0.869371 0.196901 0.45848 -0.853186 0.248736 0.494228 -0.862326 0.110153 0.500021 -0.865735 0.0219557 0.502095 -0.855963 0.1234 0.490738 -0.869066 -0.0624633 0.52054 -0.853792 -0.00879706 0.482688 -0.862807 -0.150253 0.445974 -0.865516 -0.228013 0.499263 -0.855052 -0.140079 0.39586 -0.869099 -0.296582 0.448783 -0.853881 -0.263592 0.365958 -0.854904 -0.367716 0.345263 -0.863099 -0.368582 0.275399 -0.865288 -0.418847 0.197774 -0.869129 -0.453322 0.261041 -0.853977 -0.45009 0.137814 -0.854761 -0.500391 0.118193 -0.863386 -0.490505 0.0326437 -0.865051 -0.50062 -0.051829 -0.869149 -0.491827 0.0059326 -0.854079 -0.52011 -0.139206 -0.863657 -0.484477 -0.219016 -0.864813 -0.451809 -0.126194 -0.854625 -0.503678 -0.287885 -0.869165 -0.402088 -0.250541 -0.854185 -0.455628 -0.359891 -0.863924 -0.352297 -0.413923 -0.864565 -0.284949 -0.357769 -0.854496 -0.376615 -0.448862 -0.869174 -0.207508 -0.44207 -0.854298 -0.273403 -0.486462 -0.864184 -0.128608 -0.501086 -0.864309 -0.0433994 -0.496941 -0.854371 -0.151987 -0.492787 -0.869176 0.0411676 -0.519181 -0.854415 -0.0206366 -0.486131 -0.864436 0.128172 -0.457558 -0.864049 0.209903 -0.507615 -0.854255 0.112142 -0.40821 -0.869175 0.279105 -0.462023 -0.85454 0.237268 -0.359205 -0.864681 0.35114 -0.294485 -0.863781 0.408853 -0.386939 -0.854145 0.34744 -0.21719 -0.869164 0.444278 -0.285486 -0.854668 0.433636 -0.148189 -0.866928 0.475895 -0.181611 -0.859083 0.478533 -0.0848819 -0.862922 0.498157 -0.0903175 -0.860892 0.500708 0.128185 -4.6182e-05 0.99175 0.12886 0.00326145 0.991657 0.376005 -0.0033325 0.926612 0.37789 0.00654228 0.925827 0.599122 -0.00659234 0.800631 0.601821 0.00978503 0.798571 0.782883 -0.00983512 0.622091 0.785802 0.0130162 0.618341 0.915234 -0.0130408 0.402712 0.917632 0.0162123 0.397101 0.987481 -0.0162268 0.156904 0.988567 0.0193807 0.149533 0.994881 -0.0193851 -0.0991807 0.993904 0.0225244 -0.107922 0.936955 -0.0225162 -0.348723 0.933301 0.0256408 -0.358179 0.817517 -0.0256225 -0.575334 0.810789 0.0287314 -0.584633 0.644417 -0.0287003 -0.764136 0.634509 0.0317863 -0.772261 0.429035 -0.0317591 -0.902729 0.416167 0.034839 -0.908621 0.185521 -0.0347621 -0.982025 0.170272 0.0378402 -0.98467 -0.0701194 -0.037767 -0.996823 -0.0868615 0.0408107 -0.995384 -0.321097 -0.0407457 -0.946169 -0.338172 0.0437804 -0.940065 -0.550941 -0.0436749 -0.8334 -0.566985 0.0467037 -0.822403 -0.74455 -0.0465927 -0.665938 -0.758126 0.0496055 -0.650219 -0.889221 -0.0494786 -0.454794 -0.898922 0.0524781 -0.434954 -0.975463 -0.0523382 -0.21385 -0.980048 0.0553222 -0.190907 -0.997632 -0.0551695 0.0410649 -0.996143 0.0581402 0.0657244 -0.95429 -0.0579754 0.293206 -0.94616 0.0609296 0.317912 -0.848303 -0.0607498 0.526014 -0.83344 0.06369 0.548927 -0.686654 -0.063503 0.724205 -0.665484 0.0664282 0.74345 -0.479976 -0.0662214 0.874779 -0.453452 0.0691421 0.888595 -0.275899 -0.0477454 0.96 -0.255579 0.0238393 0.966494 -0.0936037 -0.0256504 0.995279 -0.0864682 -4.63918e-05 0.996255 -0.0676503 -0.855204 0.513858 0.0676503 -0.855204 0.513858 -0.198341 -0.855204 0.478839 -0.315516 -0.855204 0.411188 -0.126894 -0.871566 0.473572 -0.41119 -0.855204 0.315515 -0.47884 -0.855204 0.198342 -0.346679 -0.871566 0.346679 -0.136709 -0.849119 0.510203 -0.136709 -0.84912 0.510202 -0.136709 -0.84912 0.510202 -0.513858 -0.855204 0.0676508 -0.513858 -0.855204 -0.0676507 -0.473572 -0.871566 0.126893 -0.373495 -0.849119 0.373494 -0.373495 -0.84912 0.373494 -0.510203 -0.84912 0.136708 -0.373494 -0.84912 0.373494 -0.47884 -0.855204 -0.198342 -0.411189 -0.855204 -0.315517 -0.473572 -0.871566 -0.126893 -0.510203 -0.849119 0.136709 -0.510203 -0.84912 0.136708 -0.315517 -0.855203 -0.411189 -0.198342 -0.855203 -0.47884 -0.346679 -0.871566 -0.346679 -0.510203 -0.84912 -0.136708 -0.510203 -0.849119 -0.136708 -0.510203 -0.84912 -0.136708 -0.067651 -0.855204 -0.513857 0.067651 -0.855204 -0.513857 -0.126892 -0.871566 -0.473572 -0.373494 -0.84912 -0.373494 -0.373494 -0.849119 -0.373495 -0.373494 -0.84912 -0.373495 0.198342 -0.855203 -0.47884 0.315517 -0.855203 -0.411189 0.126892 -0.871566 -0.473572 -0.136709 -0.84912 -0.510202 -0.136708 -0.849119 -0.510203 0.136708 -0.849119 -0.510203 -0.136709 -0.84912 -0.510202 0.411189 -0.855204 -0.315517 0.47884 -0.855204 -0.198342 0.346679 -0.871566 -0.346679 0.136709 -0.84912 -0.510202 0.136709 -0.84912 -0.510202 0.513858 -0.855204 -0.0676507 0.513858 -0.855204 0.0676508 0.473572 -0.871566 -0.126893 0.373495 -0.849119 -0.373494 0.373494 -0.84912 -0.373495 0.373493 -0.84912 -0.373494 0.47884 -0.855204 0.198342 0.41119 -0.855204 0.315515 0.473572 -0.871566 0.126893 0.510203 -0.84912 0.136708 0.510203 -0.84912 -0.136708 0.510203 -0.849119 -0.136708 0.510203 -0.84912 -0.136708 0.346679 -0.871566 0.346679 0.315516 -0.855204 0.411188 0.198341 -0.855204 0.478839 0.126894 -0.871566 0.473572 0.510203 -0.84912 0.136708 0.510203 -0.849119 0.136709 0.373494 -0.84912 0.373494 0.136709 -0.84912 0.510202 0.373495 -0.849119 0.373494 0.136709 -0.849119 0.510203 0.136709 -0.84912 0.510202 0.373494 -0.84912 0.373494 0.0116075 -0.865989 0.499928 0.0214672 -0.8609 0.508321 0.137882 -0.866046 0.480575 0.149813 -0.860848 0.48631 0.255098 -0.866108 0.429861 0.268392 -0.860796 0.43243 0.355617 -0.86617 0.35112 0.369431 -0.860743 0.350203 0.432893 -0.86623 0.2495 0.476248 -0.8662 0.151279 0.4463 -0.860691 0.245005 0.488869 -0.87014 0.0621555 0.505435 -0.853732 0.125207 0.497225 -0.866975 -0.033506 0.520104 -0.854074 -0.00710583 0.495904 -0.857998 -0.133863 0.446895 -0.867997 -0.216486 0.492692 -0.859604 -0.135411 0.394639 -0.870131 -0.295183 0.450113 -0.853691 -0.261934 0.334239 -0.866866 -0.369904 0.368441 -0.854129 -0.367035 0.263561 -0.857773 -0.441318 0.170716 -0.868086 -0.466136 0.259411 -0.859749 -0.439929 0.0826024 -0.869151 -0.487599 0.140883 -0.853651 -0.50143 -0.00188672 -0.861214 -0.50824 -0.0800583 -0.866635 -0.492479 0.00925007 -0.855195 -0.518225 -0.123683 -0.853269 -0.506591 -0.156839 -0.867481 -0.472101 -0.220237 -0.861389 -0.457716 -0.227575 -0.865471 -0.446285 -0.291154 -0.863293 -0.412256 -0.290667 -0.862755 -0.413722 -0.707107 0 0.707106 -0.707108 -1.5987e-06 0.707105 0.107457 0.86576 0.488787 0.116427 0.860113 0.496639 0.228081 0.865687 0.445606 0.238448 0.860207 0.450763 0.333818 0.865617 0.373193 0.344843 0.860291 0.375477 0.417729 0.865545 0.276287 0.428645 0.860378 0.275706 0.474299 0.865475 0.161223 0.484403 0.860463 0.15798 0.518856 0.853964 0.0391754 0.502436 0.862791 0.0561279 0.512176 0.853735 -0.0938737 0.491854 0.870117 -0.0312609 0.480973 0.86776 -0.125128 0.462834 0.859244 -0.217909 0.463546 0.858442 -0.219553 0.399794 0.853909 -0.333173 0.399845 0.867174 -0.296873 0.302237 0.853783 -0.423919 0.331743 0.870123 -0.364463 0.258773 0.86766 -0.424503 0.180627 0.859095 -0.478883 0.180288 0.85867 -0.479773 0.0550261 0.853856 -0.517592 0.0808735 0.867283 -0.491203 -0.078196 0.853834 -0.514639 -0.0150106 0.870127 -0.492599 -0.107787 0.866963 -0.486576 -0.197512 0.860344 -0.469891 -0.204788 0.856979 -0.472915 -0.27033 0.868191 -0.416133 -0.296249 0.860945 -0.413534 -0.327839 0.866817 -0.375699 -0.361318 0.860352 -0.359505 -0.370074 0.865773 -0.336873 0.12796 -4.61834e-05 0.991779 0.128027 0.000278413 0.991771 0.375472 -0.000346406 0.926834 0.37565 0.00058276 0.926762 0.598403 -0.000665962 0.801195 0.598662 0.000897477 0.801001 0.782148 -0.000975397 0.623092 0.78243 0.00121663 0.622737 0.914676 -0.00128111 0.404187 0.91491 0.00152902 0.403656 0.987308 -0.00159225 0.158811 0.98742 0.00183716 0.158112 0.995286 -0.00190621 -0.0969624 0.995204 0.00214566 -0.0977961 0.938091 -0.00221409 -0.346383 0.937755 0.00246122 -0.34729 0.819467 -0.00252217 -0.573121 0.818839 0.00276433 -0.574016 0.647182 -0.00284254 -0.762331 0.646247 0.00307745 -0.763122 0.432513 -0.00314898 -0.901622 0.431293 0.0033814 -0.902205 0.189526 -0.00346583 -0.98187 0.18807 0.00369451 -0.982149 -0.0658717 -0.00377203 -0.997821 -0.0674775 0.00400004 -0.997713 -0.316952 -0.00408504 -0.948433 -0.3186 0.0043096 -0.947879 -0.509392 -0.00287435 -0.86053 -0.510458 0.00137844 -0.859901 -0.645547 -0.0014586 -0.76372 -0.645864 -2.77543e-05 -0.763452</float_array>
                    <technique_common>
                        <accessor count="3882" source="#shape0-lib-normals-array" stride="3">
                            <param name="X" type="float"/>
                            <param name="Y" type="float"/>
                            <param name="Z" type="float"/>
                        </accessor>
                    </technique_common>
                </source>
                <vertices id="shape0-lib-vertices">
                    <input semantic="POSITION" source="#shape0-lib-positions"/>
                </vertices>
                <triangles count="3882">
                    <input offset="0" semantic="VERTEX" source="#shape0-lib-vertices"/>
                    <input offset="1" semantic="NORMAL" source="#shape0-lib-normals"/>
                    <p>104 0 0 0 144 0 12 1 4 1 1 1 1 2 4 2 2 2 2 3 4 3 69 3 69 4 4 4 3 4 3 5 4 5 76 5 76 6 4 6 73 6 73 7 4 7 82 7 82 8 4 8 79 8 79 9 4 9 104 9 104 10 4 10 0 10 37 11 9 11 12 11 158 12 9 12 37 12 5 13 9 13 158 13 6 14 9 14 5 14 160 15 9 15 6 15 7 16 9 16 160 16 8 17 9 17 7 17 164 18 9 18 8 18 171 19 9 19 164 19 144 20 9 20 171 20 4 21 9 21 0 21 0 22 9 22 144 22 12 23 9 23 4 23 235 24 12 24 10 24 239 25 10 25 12 25 11 26 239 26 12 26 233 27 12 27 235 27 21 28 13 28 22 28 21 29 53 29 13 29 21 30 52 30 53 30 21 31 14 31 52 31 21 32 15 32 14 32 21 33 16 33 15 33 21 34 17 34 16 34 21 35 66 35 17 35 21 36 18 36 66 36 21 37 65 37 18 37 21 38 12 38 65 38 21 39 11 39 12 39 19 40 12 40 233 40 20 41 12 41 19 41 230 42 12 42 20 42 24 43 214 43 21 43 24 44 216 44 214 44 24 45 21 45 22 45 23 46 216 46 24 46 217 47 23 47 24 47 25 48 217 48 24 48 221 49 25 49 24 49 26 50 221 50 24 50 40 51 26 51 24 51 37 52 12 52 230 52 37 53 230 53 27 53 258 54 37 54 27 54 28 55 37 55 258 55 260 56 258 56 27 56 260 57 27 57 228 57 257 58 37 58 28 58 30 59 260 59 228 59 30 60 228 60 29 60 255 61 37 61 257 61 33 62 29 62 226 62 33 63 30 63 29 63 32 64 226 64 31 64 32 65 33 65 226 65 34 66 37 66 255 66 240 67 31 67 225 67 240 68 32 68 31 68 253 69 37 69 34 69 35 70 225 70 36 70 35 71 240 71 225 71 252 72 154 72 37 72 252 73 37 73 253 73 250 74 154 74 252 74 157 75 250 75 38 75 157 76 154 76 250 76 163 77 157 77 38 77 162 78 163 78 38 78 165 79 162 79 38 79 165 80 38 80 46 80 45 81 165 81 46 81 39 82 40 82 24 82 39 83 36 83 40 83 39 84 242 84 35 84 39 85 41 85 242 85 39 86 42 86 41 86 39 87 44 87 42 87 39 88 43 88 44 88 39 89 247 89 43 89 39 90 35 90 36 90 166 91 45 91 46 91 166 92 46 92 48 92 47 93 246 93 247 93 47 94 247 94 39 94 168 95 166 95 48 95 173 96 246 96 47 96 173 97 48 97 246 97 177 98 48 98 173 98 177 99 168 99 48 99 22 100 49 100 24 100 89 101 94 101 204 101 1 102 65 102 12 102 104 103 80 103 79 103 55 104 22 104 13 104 55 105 13 105 53 105 55 106 51 106 49 106 55 107 50 107 51 107 55 108 49 108 22 108 54 109 210 109 50 109 54 110 200 110 210 110 54 111 50 111 55 111 57 112 53 112 52 112 57 113 52 113 14 113 57 114 55 114 53 114 58 115 200 115 54 115 58 116 201 116 200 116 58 117 203 117 201 117 56 118 54 118 55 118 56 119 55 119 57 119 61 120 14 120 15 120 61 121 15 121 16 121 61 122 57 122 14 122 59 123 58 123 54 123 59 124 54 124 56 124 68 125 57 125 61 125 68 126 56 126 57 126 60 127 16 127 17 127 60 128 17 128 66 128 60 129 61 129 16 129 62 130 203 130 58 130 62 131 90 131 89 131 62 132 87 132 90 132 62 133 204 133 203 133 62 134 89 134 204 134 63 135 59 135 56 135 63 136 56 136 68 136 70 137 61 137 60 137 70 138 68 138 61 138 64 139 66 139 18 139 64 140 18 140 65 140 64 141 1 141 2 141 64 142 2 142 69 142 64 143 60 143 66 143 64 144 65 144 1 144 67 145 58 145 59 145 67 146 85 146 87 146 67 147 91 147 85 147 67 148 87 148 62 148 67 149 62 149 58 149 81 150 63 150 68 150 81 151 68 151 70 151 75 152 69 152 3 152 75 153 3 153 76 153 75 154 64 154 69 154 75 155 60 155 64 155 75 156 70 156 60 156 71 157 72 157 91 157 71 158 77 158 72 158 71 159 91 159 67 159 71 160 67 160 59 160 71 161 59 161 63 161 74 162 81 162 70 162 74 163 76 163 73 163 74 164 73 164 82 164 74 165 75 165 76 165 74 166 70 166 75 166 84 167 95 167 77 167 84 168 83 168 95 168 84 169 71 169 63 169 84 170 63 170 81 170 84 171 77 171 71 171 78 172 82 172 79 172 78 173 79 173 80 173 78 174 99 174 83 174 78 175 80 175 99 175 78 176 84 176 81 176 78 177 81 177 74 177 78 178 74 178 82 178 78 179 83 179 84 179 86 180 90 180 87 180 285 181 87 181 85 181 285 182 86 182 87 182 88 183 89 183 90 183 88 184 90 184 86 184 287 185 85 185 91 185 287 186 91 186 72 186 287 187 285 187 85 187 282 188 94 188 89 188 282 189 89 189 88 189 92 190 287 190 72 190 280 191 94 191 282 191 77 192 92 192 72 192 93 193 92 193 77 193 278 194 94 194 280 194 95 195 93 195 77 195 276 196 94 196 278 196 96 197 93 197 95 197 83 198 96 198 95 198 98 199 96 199 83 199 99 200 97 200 98 200 99 201 98 201 83 201 80 202 107 202 97 202 80 203 97 203 99 203 305 204 275 204 273 204 100 205 273 205 103 205 100 206 305 206 273 206 101 207 276 207 275 207 101 208 94 208 276 208 101 209 275 209 305 209 102 210 103 210 110 210 102 211 100 211 103 211 109 212 94 212 101 212 104 213 106 213 107 213 104 214 105 214 106 214 104 215 107 215 80 215 267 216 105 216 104 216 307 217 102 217 110 217 108 218 94 218 109 218 111 219 307 219 110 219 111 220 110 220 271 220 290 221 111 221 271 221 290 222 271 222 112 222 114 223 290 223 112 223 114 224 112 224 115 224 113 225 267 225 104 225 113 226 114 226 115 226 113 227 115 227 267 227 293 228 113 228 104 228 292 229 293 229 104 229 116 230 117 230 302 230 330 231 116 231 302 231 330 232 302 232 300 232 328 233 117 233 116 233 328 234 153 234 117 234 331 235 330 235 300 235 331 236 300 236 118 236 152 237 153 237 328 237 119 238 118 238 299 238 119 239 331 239 118 239 119 240 299 240 120 240 309 241 119 241 120 241 309 242 120 242 296 242 121 243 309 243 296 243 121 244 296 244 295 244 122 245 121 245 295 245 122 246 295 246 123 246 312 247 123 247 124 247 312 248 122 248 123 248 151 249 312 249 124 249 206 250 322 250 320 250 206 251 323 251 322 251 206 252 125 252 323 252 354 253 320 253 126 253 127 254 126 254 130 254 127 255 354 255 126 255 128 256 320 256 354 256 128 257 206 257 320 257 129 258 127 258 130 258 129 259 130 259 132 259 133 260 206 260 128 260 131 261 129 261 132 261 353 262 206 262 133 262 134 263 131 263 132 263 134 264 132 264 317 264 350 265 136 265 206 265 350 266 206 266 353 266 334 267 134 267 317 267 334 268 317 268 135 268 348 269 138 269 136 269 348 270 136 270 350 270 347 271 138 271 348 271 347 272 137 272 138 272 337 273 334 273 135 273 337 274 135 274 140 274 139 275 337 275 140 275 346 276 137 276 347 276 190 277 137 277 346 277 186 278 345 278 344 278 186 279 346 279 345 279 186 280 190 280 346 280 141 281 344 281 142 281 141 282 186 282 344 282 144 283 338 283 139 283 144 284 340 284 338 284 144 285 143 285 340 285 144 286 139 286 140 286 144 287 145 287 313 287 144 288 316 288 145 288 144 289 140 289 316 289 146 290 143 290 144 290 150 291 141 291 142 291 170 292 342 292 143 292 170 293 143 293 146 293 149 294 147 294 148 294 149 295 142 295 147 295 149 296 150 296 142 296 180 297 148 297 342 297 180 298 149 298 148 298 180 299 342 299 170 299 104 300 144 300 313 300 104 301 313 301 151 301 104 302 151 302 292 302 292 303 151 303 124 303 206 304 94 304 125 304 125 305 94 305 152 305 152 306 94 306 108 306 152 307 108 307 153 307 154 308 158 308 37 308 146 309 144 309 171 309 207 310 47 310 39 310 206 311 136 311 155 311 156 312 154 312 157 312 156 313 157 313 163 313 156 314 5 314 158 314 156 315 6 315 5 315 156 316 158 316 154 316 159 317 160 317 6 317 159 318 7 318 160 318 159 319 6 319 156 319 161 320 163 320 162 320 161 321 162 321 165 321 161 322 156 322 163 322 181 323 7 323 159 323 181 324 8 324 7 324 181 325 164 325 8 325 167 326 159 326 156 326 167 327 156 327 161 327 169 328 165 328 45 328 169 329 45 329 166 329 169 330 161 330 165 330 187 331 181 331 159 331 187 332 159 332 167 332 172 333 161 333 169 333 172 334 167 334 161 334 172 335 187 335 167 335 178 336 166 336 168 336 178 337 168 337 177 337 178 338 169 338 166 338 179 339 164 339 181 339 179 340 170 340 146 340 179 341 180 341 170 341 179 342 171 342 164 342 179 343 146 343 171 343 189 344 187 344 172 344 188 345 169 345 178 345 188 346 172 346 169 346 174 347 177 347 173 347 174 348 173 348 47 348 174 349 207 349 175 349 174 350 175 350 176 350 174 351 178 351 177 351 174 352 47 352 207 352 174 353 188 353 178 353 184 354 181 354 187 354 184 355 180 355 179 355 184 356 149 356 180 356 184 357 150 357 149 357 184 358 179 358 181 358 182 359 172 359 188 359 182 360 189 360 172 360 183 361 176 361 195 361 183 362 195 362 196 362 183 363 174 363 176 363 183 364 188 364 174 364 185 365 150 365 184 365 185 366 141 366 150 366 185 367 186 367 141 367 185 368 184 368 187 368 185 369 187 369 189 369 193 370 196 370 197 370 193 371 197 371 194 371 193 372 183 372 196 372 193 373 182 373 188 373 193 374 188 374 183 374 191 375 189 375 182 375 191 376 185 376 189 376 191 377 190 377 186 377 191 378 137 378 190 378 191 379 186 379 185 379 192 380 194 380 155 380 192 381 155 381 136 381 192 382 138 382 137 382 192 383 136 383 138 383 192 384 191 384 182 384 192 385 182 385 193 385 192 386 137 386 191 386 192 387 193 387 194 387 195 388 209 388 196 388 196 389 209 389 197 389 209 390 356 390 197 390 197 391 198 391 194 391 356 392 198 392 197 392 194 393 358 393 155 393 198 394 358 394 194 394 358 395 206 395 155 395 210 396 200 396 213 396 199 397 201 397 202 397 213 398 201 398 199 398 200 399 201 399 213 399 358 400 205 400 206 400 202 401 203 401 205 401 201 402 203 402 202 402 203 403 204 403 205 403 205 404 94 404 206 404 204 405 94 405 205 405 39 406 208 406 207 406 207 407 208 407 175 407 175 408 208 408 176 408 176 409 208 409 195 409 195 410 208 410 209 410 24 411 212 411 39 411 209 412 212 412 213 412 39 413 212 413 208 413 208 414 212 414 209 414 49 415 211 415 24 415 51 416 211 416 49 416 50 417 211 417 51 417 210 418 211 418 50 418 24 419 211 419 212 419 212 420 211 420 213 420 213 421 211 421 210 421 21 422 214 422 360 422 360 423 214 423 215 423 215 424 216 424 363 424 214 425 216 425 215 425 363 426 23 426 220 426 216 427 23 427 363 427 220 428 217 428 218 428 218 429 217 429 219 429 23 430 217 430 220 430 217 431 25 431 219 431 219 432 221 432 359 432 359 433 221 433 223 433 25 434 221 434 219 434 221 435 26 435 223 435 223 436 40 436 222 436 26 437 40 437 223 437 222 438 36 438 224 438 40 439 36 439 222 439 224 440 225 440 364 440 364 441 225 441 362 441 36 442 225 442 224 442 225 443 31 443 362 443 31 444 226 444 362 444 362 445 226 445 366 445 226 446 29 446 366 446 366 447 29 447 227 447 29 448 228 448 227 448 227 449 228 449 229 449 228 450 27 450 229 450 229 451 27 451 231 451 27 452 230 452 231 452 231 453 230 453 232 453 232 454 230 454 367 454 230 455 20 455 367 455 20 456 19 456 367 456 367 457 19 457 234 457 19 458 233 458 234 458 234 459 233 459 365 459 365 460 233 460 236 460 233 461 235 461 236 461 236 462 10 462 237 462 235 463 10 463 236 463 237 464 239 464 238 464 238 465 239 465 361 465 10 466 239 466 237 466 239 467 11 467 361 467 361 468 21 468 360 468 11 469 21 469 361 469 33 470 32 470 378 470 378 471 32 471 369 471 369 472 240 472 373 472 32 473 240 473 369 473 373 474 35 474 241 474 240 475 35 475 373 475 241 476 242 476 368 476 368 477 242 477 370 477 35 478 242 478 241 478 242 479 41 479 370 479 370 480 42 480 243 480 243 481 42 481 244 481 41 482 42 482 370 482 42 483 44 483 244 483 244 484 43 484 371 484 44 485 43 485 244 485 371 486 247 486 245 486 43 487 247 487 371 487 245 488 246 488 372 488 372 489 246 489 248 489 247 490 246 490 245 490 246 491 48 491 248 491 48 492 46 492 248 492 248 493 46 493 379 493 46 494 38 494 379 494 379 495 38 495 249 495 38 496 250 496 249 496 249 497 250 497 251 497 250 498 252 498 251 498 251 499 252 499 380 499 252 500 253 500 380 500 380 501 253 501 254 501 254 502 253 502 376 502 253 503 34 503 376 503 34 504 255 504 376 504 376 505 255 505 374 505 255 506 257 506 374 506 374 507 257 507 256 507 256 508 257 508 375 508 257 509 28 509 375 509 375 510 258 510 259 510 28 511 258 511 375 511 259 512 260 512 377 512 377 513 260 513 261 513 258 514 260 514 259 514 260 515 30 515 261 515 261 516 33 516 378 516 30 517 33 517 261 517 92 518 93 518 262 518 262 519 93 519 381 519 381 520 96 520 387 520 93 521 96 521 381 521 387 522 98 522 264 522 96 523 98 523 387 523 264 524 97 524 263 524 98 525 97 525 264 525 263 526 107 526 385 526 97 527 107 527 263 527 385 528 106 528 265 528 107 529 106 529 385 529 265 530 105 530 266 530 106 531 105 531 265 531 266 532 267 532 268 532 105 533 267 533 266 533 268 534 115 534 386 534 267 535 115 535 268 535 386 536 112 536 269 536 115 537 112 537 386 537 269 538 271 538 270 538 112 539 271 539 269 539 271 540 110 540 270 540 270 541 110 541 272 541 110 542 103 542 272 542 272 543 103 543 384 543 103 544 273 544 384 544 384 545 273 545 274 545 273 546 275 546 274 546 274 547 275 547 382 547 275 548 276 548 382 548 382 549 276 549 277 549 276 550 278 550 277 550 277 551 278 551 279 551 278 552 280 552 279 552 279 553 280 553 281 553 280 554 282 554 281 554 281 555 282 555 283 555 282 556 88 556 283 556 283 557 88 557 284 557 284 558 86 558 286 558 88 559 86 559 284 559 286 560 285 560 383 560 86 561 285 561 286 561 383 562 287 562 288 562 285 563 287 563 383 563 287 564 92 564 288 564 288 565 92 565 262 565 307 566 111 566 390 566 390 567 111 567 289 567 289 568 290 568 391 568 111 569 290 569 289 569 391 570 114 570 392 570 290 571 114 571 391 571 392 572 113 572 291 572 114 573 113 573 392 573 291 574 293 574 394 574 113 575 293 575 291 575 394 576 292 576 396 576 293 577 292 577 394 577 396 578 124 578 294 578 292 579 124 579 396 579 294 580 123 580 398 580 124 581 123 581 294 581 398 582 295 582 402 582 123 583 295 583 398 583 402 584 296 584 297 584 295 585 296 585 402 585 297 586 120 586 298 586 296 587 120 587 297 587 120 588 299 588 298 588 298 589 299 589 399 589 299 590 118 590 399 590 399 591 118 591 400 591 118 592 300 592 400 592 400 593 300 593 301 593 300 594 302 594 301 594 301 595 302 595 401 595 302 596 117 596 401 596 401 597 117 597 397 597 117 598 153 598 397 598 397 599 153 599 303 599 153 600 108 600 303 600 303 601 108 601 304 601 108 602 109 602 304 602 304 603 109 603 395 603 109 604 101 604 395 604 395 605 101 605 393 605 393 606 305 606 388 606 101 607 305 607 393 607 388 608 100 608 389 608 305 609 100 609 388 609 389 610 102 610 306 610 100 611 102 611 389 611 102 612 307 612 306 612 306 613 307 613 390 613 119 614 309 614 308 614 308 615 309 615 310 615 310 616 121 616 405 616 309 617 121 617 310 617 405 618 122 618 311 618 121 619 122 619 405 619 311 620 312 620 409 620 122 621 312 621 311 621 409 622 151 622 408 622 312 623 151 623 409 623 408 624 313 624 314 624 151 625 313 625 408 625 314 626 145 626 315 626 313 627 145 627 314 627 315 628 316 628 413 628 145 629 316 629 315 629 413 630 140 630 411 630 316 631 140 631 413 631 411 632 135 632 410 632 140 633 135 633 411 633 410 634 317 634 318 634 135 635 317 635 410 635 317 636 132 636 318 636 318 637 132 637 319 637 132 638 130 638 319 638 319 639 130 639 407 639 130 640 126 640 407 640 407 641 126 641 321 641 126 642 320 642 321 642 321 643 320 643 406 643 320 644 322 644 406 644 406 645 322 645 324 645 322 646 323 646 324 646 324 647 323 647 325 647 323 648 125 648 325 648 325 649 125 649 403 649 125 650 152 650 403 650 403 651 152 651 326 651 152 652 328 652 326 652 326 653 328 653 404 653 404 654 116 654 327 654 328 655 116 655 404 655 327 656 330 656 412 656 116 657 330 657 327 657 412 658 331 658 329 658 330 659 331 659 412 659 331 660 119 660 329 660 329 661 119 661 308 661 131 662 134 662 332 662 332 663 134 663 333 663 333 664 334 664 335 664 134 665 334 665 333 665 335 666 337 666 417 666 334 667 337 667 335 667 417 668 139 668 336 668 337 669 139 669 417 669 336 670 338 670 339 670 139 671 338 671 336 671 339 672 340 672 420 672 338 673 340 673 339 673 420 674 143 674 423 674 340 675 143 675 420 675 423 676 342 676 341 676 143 677 342 677 423 677 341 678 148 678 343 678 342 679 148 679 341 679 343 680 147 680 426 680 148 681 147 681 343 681 426 682 142 682 425 682 147 683 142 683 426 683 142 684 344 684 425 684 425 685 344 685 421 685 344 686 345 686 421 686 421 687 345 687 422 687 345 688 346 688 422 688 422 689 346 689 419 689 346 690 347 690 419 690 419 691 347 691 349 691 347 692 348 692 349 692 349 693 348 693 351 693 348 694 350 694 351 694 351 695 350 695 424 695 350 696 353 696 424 696 424 697 353 697 352 697 353 698 133 698 352 698 352 699 133 699 418 699 133 700 128 700 418 700 418 701 128 701 414 701 128 702 354 702 414 702 414 703 354 703 415 703 354 704 127 704 415 704 415 705 127 705 355 705 127 706 129 706 355 706 355 707 129 707 416 707 416 708 131 708 332 708 129 709 131 709 416 709 439 710 205 710 357 710 199 711 436 711 213 711 439 712 436 712 202 712 439 713 202 713 205 713 202 714 436 714 199 714 436 715 430 715 213 715 213 716 430 716 209 716 430 717 356 717 209 717 358 718 432 718 442 718 430 719 432 719 198 719 430 720 198 720 356 720 198 721 432 721 358 721 357 722 358 722 442 722 357 723 205 723 358 723 218 724 363 724 220 724 218 725 219 725 363 725 363 726 360 726 215 726 223 727 222 727 359 727 360 728 238 728 361 728 360 729 237 729 238 729 359 730 364 730 219 730 224 731 364 731 222 731 219 732 364 732 363 732 222 733 364 733 359 733 362 734 366 734 364 734 363 735 366 735 360 735 364 736 366 736 363 736 365 737 367 737 234 737 236 738 367 738 365 738 237 739 367 739 236 739 227 740 229 740 366 740 360 741 229 741 237 741 366 742 229 742 360 742 237 743 232 743 367 743 229 744 232 744 237 744 229 745 231 745 232 745 368 746 373 746 241 746 368 747 370 747 373 747 373 748 378 748 369 748 244 749 371 749 243 749 378 750 377 750 261 750 243 751 372 751 370 751 245 752 372 752 371 752 370 753 372 753 373 753 371 754 372 754 243 754 248 755 379 755 372 755 373 756 379 756 378 756 372 757 379 757 373 757 256 758 376 758 374 758 375 759 376 759 256 759 259 760 376 760 375 760 377 761 376 761 259 761 249 762 251 762 379 762 378 763 251 763 377 763 379 764 251 764 378 764 377 765 254 765 376 765 251 766 254 766 377 766 251 767 380 767 254 767 383 768 284 768 286 768 279 769 281 769 283 769 279 770 283 770 284 770 277 771 279 771 284 771 387 772 262 772 381 772 382 773 284 773 383 773 382 774 277 774 284 774 263 775 387 775 264 775 384 776 274 776 382 776 384 777 382 777 383 777 272 778 383 778 288 778 272 779 384 779 383 779 269 780 270 780 272 780 269 781 288 781 262 781 269 782 272 782 288 782 269 783 262 783 387 783 268 784 385 784 265 784 268 785 265 785 266 785 386 786 263 786 385 786 386 787 387 787 263 787 386 788 385 788 268 788 386 789 269 789 387 789 393 790 388 790 389 790 390 791 389 791 306 791 390 792 393 792 389 792 391 793 390 793 289 793 391 794 393 794 390 794 291 795 391 795 392 795 291 796 393 796 391 796 394 797 393 797 291 797 396 798 304 798 395 798 396 799 395 799 393 799 396 800 393 800 394 800 398 801 396 801 294 801 398 802 397 802 303 802 398 803 303 803 304 803 398 804 304 804 396 804 297 805 298 805 399 805 297 806 399 806 400 806 297 807 400 807 301 807 297 808 301 808 401 808 402 809 401 809 397 809 402 810 397 810 398 810 402 811 297 811 401 811 404 812 327 812 412 812 308 813 412 813 329 813 325 814 403 814 326 814 325 815 326 815 404 815 325 816 404 816 412 816 406 817 324 817 325 817 311 818 310 818 405 818 409 819 308 819 310 819 409 820 412 820 308 820 409 821 310 821 311 821 407 822 321 822 406 822 407 823 406 823 325 823 314 824 409 824 408 824 318 825 319 825 407 825 318 826 407 826 325 826 315 827 412 827 409 827 315 828 409 828 314 828 413 829 412 829 315 829 411 830 410 830 318 830 411 831 325 831 412 831 411 832 318 832 325 832 411 833 412 833 413 833 414 834 415 834 355 834 332 835 355 835 416 835 335 836 332 836 333 836 335 837 355 837 332 837 336 838 335 838 417 838 336 839 418 839 414 839 336 840 414 840 355 840 336 841 355 841 335 841 419 842 349 842 351 842 420 843 336 843 339 843 420 844 352 844 418 844 420 845 418 845 336 845 425 846 421 846 422 846 341 847 420 847 423 847 341 848 351 848 424 848 341 849 424 849 352 849 341 850 352 850 420 850 426 851 422 851 419 851 426 852 419 852 351 852 426 853 425 853 422 853 426 854 351 854 341 854 343 855 426 855 341 855 462 856 463 856 430 856 463 857 427 857 430 857 427 858 428 858 430 858 430 859 429 859 462 859 428 860 469 860 430 860 430 861 467 861 429 861 469 862 470 862 430 862 470 863 431 863 430 863 430 864 474 864 432 864 431 865 474 865 430 865 474 866 476 866 432 866 476 867 477 867 432 867 477 868 480 868 432 868 480 869 479 869 432 869 479 870 482 870 432 870 482 871 441 871 432 871 534 872 436 872 433 872 433 873 436 873 434 873 434 874 436 874 527 874 527 875 436 875 435 875 435 876 436 876 524 876 524 877 436 877 437 877 436 878 439 878 437 878 437 879 439 879 523 879 523 880 439 880 522 880 522 881 439 881 438 881 438 882 439 882 520 882 520 883 439 883 521 883 521 884 439 884 518 884 518 885 439 885 440 885 440 886 439 886 501 886 501 887 439 887 502 887 439 888 432 888 502 888 502 889 432 889 441 889 430 890 436 890 465 890 430 891 465 891 467 891 465 892 436 892 534 892 432 893 439 893 442 893 442 894 439 894 357 894 606 895 690 895 608 895 606 896 608 896 444 896 443 897 444 897 445 897 443 898 606 898 444 898 605 899 445 899 497 899 605 900 443 900 445 900 604 901 497 901 499 901 604 902 605 902 497 902 603 903 499 903 447 903 603 904 604 904 499 904 446 905 447 905 494 905 446 906 603 906 447 906 598 907 446 907 494 907 598 908 494 908 495 908 600 909 598 909 495 909 600 910 495 910 493 910 596 911 600 911 493 911 596 912 493 912 448 912 597 913 596 913 448 913 597 914 448 914 449 914 595 915 597 915 449 915 595 916 449 916 491 916 594 917 595 917 491 917 594 918 491 918 490 918 450 919 594 919 490 919 450 920 490 920 488 920 593 921 450 921 488 921 593 922 488 922 489 922 592 923 593 923 489 923 592 924 489 924 487 924 590 925 592 925 487 925 486 926 590 926 487 926 589 927 590 927 486 927 451 928 589 928 486 928 451 929 486 929 484 929 452 930 451 930 484 930 452 931 484 931 453 931 587 932 452 932 453 932 587 933 453 933 454 933 455 934 454 934 481 934 455 935 587 935 454 935 585 936 481 936 456 936 585 937 455 937 481 937 583 938 585 938 456 938 458 939 583 939 456 939 457 940 583 940 458 940 478 941 457 941 458 941 582 942 457 942 478 942 580 943 478 943 475 943 580 944 582 944 478 944 459 945 475 945 473 945 459 946 580 946 475 946 577 947 473 947 472 947 577 948 459 948 473 948 460 949 472 949 471 949 460 950 577 950 472 950 468 951 460 951 471 951 576 952 460 952 468 952 461 953 468 953 463 953 461 954 576 954 468 954 574 955 463 955 462 955 574 956 461 956 463 956 575 957 462 957 429 957 575 958 574 958 462 958 466 959 429 959 467 959 466 960 575 960 429 960 464 961 467 961 465 961 464 962 466 962 467 962 427 963 468 963 428 963 463 964 468 964 427 964 468 965 469 965 428 965 468 966 471 966 469 966 471 967 470 967 469 967 471 968 472 968 470 968 472 969 431 969 470 969 472 970 473 970 431 970 473 971 474 971 431 971 473 972 475 972 474 972 475 973 476 973 474 973 478 974 477 974 475 974 475 975 477 975 476 975 458 976 480 976 478 976 478 977 480 977 477 977 456 978 479 978 458 978 458 979 479 979 480 979 481 980 482 980 456 980 456 981 482 981 479 981 454 982 483 982 481 982 481 983 483 983 482 983 454 984 453 984 483 984 453 985 500 985 483 985 484 986 500 986 453 986 484 987 485 987 500 987 486 988 485 988 484 988 486 989 503 989 485 989 487 990 503 990 486 990 487 991 504 991 503 991 489 992 504 992 487 992 488 993 506 993 489 993 489 994 506 994 504 994 490 995 506 995 488 995 491 996 508 996 490 996 490 997 508 997 506 997 449 998 492 998 491 998 448 999 492 999 449 999 491 1000 492 1000 508 1000 493 1001 510 1001 448 1001 448 1002 510 1002 492 1002 495 1003 496 1003 493 1003 493 1004 496 1004 510 1004 494 1005 513 1005 495 1005 447 1006 513 1006 494 1006 495 1007 513 1007 496 1007 499 1008 515 1008 447 1008 447 1009 515 1009 513 1009 497 1010 498 1010 499 1010 445 1011 498 1011 497 1011 499 1012 498 1012 515 1012 444 1013 516 1013 445 1013 445 1014 516 1014 498 1014 608 1015 639 1015 444 1015 444 1016 639 1016 516 1016 483 1017 441 1017 482 1017 483 1018 500 1018 441 1018 500 1019 502 1019 441 1019 500 1020 485 1020 502 1020 485 1021 501 1021 502 1021 485 1022 503 1022 501 1022 503 1023 519 1023 501 1023 503 1024 504 1024 519 1024 504 1025 505 1025 519 1025 504 1026 506 1026 505 1026 506 1027 507 1027 505 1027 506 1028 508 1028 507 1028 508 1029 509 1029 507 1029 508 1030 492 1030 509 1030 492 1031 511 1031 509 1031 492 1032 510 1032 511 1032 510 1033 525 1033 511 1033 510 1034 496 1034 525 1034 496 1035 512 1035 525 1035 513 1036 526 1036 496 1036 496 1037 526 1037 512 1037 515 1038 528 1038 513 1038 513 1039 528 1039 526 1039 498 1040 514 1040 515 1040 515 1041 514 1041 528 1041 516 1042 517 1042 498 1042 498 1043 517 1043 514 1043 639 1044 531 1044 516 1044 516 1045 531 1045 517 1045 440 1046 519 1046 518 1046 501 1047 519 1047 440 1047 519 1048 521 1048 518 1048 519 1049 505 1049 521 1049 505 1050 520 1050 521 1050 507 1051 438 1051 505 1051 505 1052 438 1052 520 1052 507 1053 522 1053 438 1053 507 1054 509 1054 522 1054 509 1055 523 1055 522 1055 509 1056 511 1056 523 1056 511 1057 437 1057 523 1057 525 1058 524 1058 511 1058 511 1059 524 1059 437 1059 512 1060 435 1060 525 1060 525 1061 435 1061 524 1061 526 1062 527 1062 512 1062 512 1063 527 1063 435 1063 528 1064 529 1064 526 1064 526 1065 529 1065 527 1065 528 1066 514 1066 529 1066 514 1067 530 1067 529 1067 514 1068 517 1068 530 1068 517 1069 533 1069 530 1069 531 1070 532 1070 517 1070 517 1071 532 1071 533 1071 531 1072 464 1072 532 1072 532 1073 464 1073 465 1073 533 1074 465 1074 534 1074 533 1075 532 1075 465 1075 530 1076 534 1076 433 1076 530 1077 533 1077 534 1077 529 1078 433 1078 434 1078 529 1079 530 1079 433 1079 527 1080 529 1080 434 1080 811 1081 638 1081 535 1081 536 1082 535 1082 538 1082 536 1083 811 1083 535 1083 715 1084 538 1084 537 1084 715 1085 536 1085 538 1085 714 1086 537 1086 539 1086 714 1087 715 1087 537 1087 541 1088 539 1088 540 1088 541 1089 714 1089 539 1089 634 1090 541 1090 540 1090 711 1091 541 1091 634 1091 542 1092 711 1092 634 1092 713 1093 711 1093 542 1093 713 1094 542 1094 632 1094 710 1095 713 1095 632 1095 710 1096 632 1096 630 1096 543 1097 710 1097 630 1097 543 1098 630 1098 544 1098 545 1099 543 1099 544 1099 545 1100 544 1100 546 1100 548 1101 545 1101 546 1101 547 1102 545 1102 548 1102 549 1103 547 1103 548 1103 550 1104 547 1104 549 1104 550 1105 549 1105 624 1105 551 1106 624 1106 625 1106 551 1107 550 1107 624 1107 707 1108 625 1108 553 1108 707 1109 551 1109 625 1109 552 1110 553 1110 621 1110 552 1111 707 1111 553 1111 554 1112 621 1112 620 1112 554 1113 552 1113 621 1113 705 1114 620 1114 555 1114 705 1115 554 1115 620 1115 704 1116 555 1116 618 1116 704 1117 705 1117 555 1117 557 1118 618 1118 556 1118 557 1119 704 1119 618 1119 701 1120 556 1120 617 1120 701 1121 557 1121 556 1121 558 1122 617 1122 614 1122 558 1123 701 1123 617 1123 559 1124 614 1124 560 1124 559 1125 558 1125 614 1125 699 1126 560 1126 561 1126 699 1127 559 1127 560 1127 697 1128 561 1128 563 1128 697 1129 699 1129 561 1129 696 1130 563 1130 562 1130 696 1131 697 1131 563 1131 565 1132 562 1132 612 1132 565 1133 696 1133 562 1133 564 1134 565 1134 612 1134 566 1135 565 1135 564 1135 567 1136 566 1136 564 1136 695 1137 566 1137 567 1137 611 1138 695 1138 567 1138 694 1139 695 1139 611 1139 570 1140 694 1140 611 1140 569 1141 694 1141 570 1141 571 1142 570 1142 568 1142 571 1143 569 1143 570 1143 572 1144 568 1144 609 1144 572 1145 571 1145 568 1145 690 1146 609 1146 608 1146 690 1147 572 1147 609 1147 640 1148 466 1148 531 1148 531 1149 466 1149 464 1149 573 1150 575 1150 640 1150 640 1151 575 1151 466 1151 644 1152 574 1152 573 1152 573 1153 574 1153 575 1153 645 1154 461 1154 644 1154 644 1155 461 1155 574 1155 647 1156 576 1156 645 1156 645 1157 576 1157 461 1157 647 1158 460 1158 576 1158 647 1159 579 1159 460 1159 579 1160 577 1160 460 1160 578 1161 459 1161 579 1161 579 1162 459 1162 577 1162 581 1163 580 1163 578 1163 578 1164 580 1164 459 1164 581 1165 582 1165 580 1165 581 1166 650 1166 582 1166 650 1167 457 1167 582 1167 650 1168 583 1168 457 1168 651 1169 583 1169 650 1169 584 1170 585 1170 651 1170 651 1171 585 1171 583 1171 584 1172 455 1172 585 1172 586 1173 587 1173 584 1173 584 1174 587 1174 455 1174 588 1175 452 1175 586 1175 586 1176 452 1176 587 1176 653 1177 451 1177 588 1177 588 1178 451 1178 452 1178 653 1179 589 1179 451 1179 654 1180 590 1180 653 1180 653 1181 590 1181 589 1181 591 1182 592 1182 654 1182 654 1183 592 1183 590 1183 591 1184 593 1184 592 1184 655 1185 450 1185 591 1185 591 1186 450 1186 593 1186 655 1187 594 1187 450 1187 655 1188 656 1188 594 1188 656 1189 595 1189 594 1189 657 1190 597 1190 656 1190 656 1191 597 1191 595 1191 657 1192 596 1192 597 1192 599 1193 600 1193 657 1193 657 1194 600 1194 596 1194 601 1195 598 1195 599 1195 599 1196 598 1196 600 1196 601 1197 446 1197 598 1197 602 1198 603 1198 601 1198 601 1199 603 1199 446 1199 659 1200 604 1200 602 1200 602 1201 604 1201 603 1201 659 1202 605 1202 604 1202 658 1203 443 1203 659 1203 659 1204 443 1204 605 1204 607 1205 606 1205 658 1205 658 1206 606 1206 443 1206 607 1207 690 1207 606 1207 608 1208 609 1208 639 1208 609 1209 641 1209 639 1209 609 1210 568 1210 641 1210 568 1211 610 1211 641 1211 568 1212 570 1212 610 1212 570 1213 642 1213 610 1213 570 1214 611 1214 642 1214 567 1215 643 1215 611 1215 611 1216 643 1216 642 1216 564 1217 646 1217 567 1217 567 1218 646 1218 643 1218 612 1219 613 1219 564 1219 562 1220 613 1220 612 1220 564 1221 613 1221 646 1221 563 1222 648 1222 562 1222 562 1223 648 1223 613 1223 561 1224 649 1224 563 1224 563 1225 649 1225 648 1225 561 1226 560 1226 649 1226 560 1227 615 1227 649 1227 614 1228 615 1228 560 1228 614 1229 616 1229 615 1229 617 1230 616 1230 614 1230 617 1231 619 1231 616 1231 556 1232 619 1232 617 1232 618 1233 619 1233 556 1233 618 1234 652 1234 619 1234 555 1235 652 1235 618 1235 620 1236 623 1236 555 1236 555 1237 623 1237 652 1237 620 1238 621 1238 623 1238 553 1239 622 1239 621 1239 621 1240 622 1240 623 1240 625 1241 626 1241 553 1241 553 1242 626 1242 622 1242 624 1243 628 1243 625 1243 549 1244 628 1244 624 1244 625 1245 628 1245 626 1245 548 1246 627 1246 549 1246 549 1247 627 1247 628 1247 546 1248 629 1248 548 1248 544 1249 629 1249 546 1249 548 1250 629 1250 627 1250 630 1251 633 1251 544 1251 544 1252 633 1252 629 1252 630 1253 632 1253 633 1253 542 1254 631 1254 632 1254 632 1255 631 1255 633 1255 634 1256 635 1256 542 1256 540 1257 635 1257 634 1257 542 1258 635 1258 631 1258 539 1259 636 1259 540 1259 540 1260 636 1260 635 1260 537 1261 637 1261 539 1261 538 1262 637 1262 537 1262 539 1263 637 1263 636 1263 535 1264 660 1264 538 1264 538 1265 660 1265 637 1265 638 1266 661 1266 535 1266 535 1267 661 1267 660 1267 639 1268 641 1268 531 1268 641 1269 640 1269 531 1269 641 1270 610 1270 640 1270 610 1271 573 1271 640 1271 610 1272 642 1272 573 1272 642 1273 644 1273 573 1273 642 1274 643 1274 644 1274 643 1275 645 1275 644 1275 643 1276 646 1276 645 1276 646 1277 647 1277 645 1277 646 1278 613 1278 647 1278 613 1279 579 1279 647 1279 613 1280 648 1280 579 1280 648 1281 578 1281 579 1281 648 1282 649 1282 578 1282 649 1283 581 1283 578 1283 649 1284 615 1284 581 1284 615 1285 650 1285 581 1285 615 1286 616 1286 650 1286 616 1287 651 1287 650 1287 616 1288 619 1288 651 1288 619 1289 584 1289 651 1289 619 1290 652 1290 584 1290 652 1291 586 1291 584 1291 652 1292 623 1292 586 1292 623 1293 588 1293 586 1293 623 1294 622 1294 588 1294 622 1295 653 1295 588 1295 622 1296 626 1296 653 1296 626 1297 654 1297 653 1297 626 1298 628 1298 654 1298 628 1299 591 1299 654 1299 628 1300 627 1300 591 1300 627 1301 655 1301 591 1301 627 1302 629 1302 655 1302 629 1303 656 1303 655 1303 629 1304 633 1304 656 1304 633 1305 657 1305 656 1305 633 1306 631 1306 657 1306 631 1307 599 1307 657 1307 631 1308 635 1308 599 1308 635 1309 601 1309 599 1309 635 1310 636 1310 601 1310 636 1311 602 1311 601 1311 636 1312 637 1312 602 1312 637 1313 659 1313 602 1313 637 1314 660 1314 659 1314 660 1315 658 1315 659 1315 660 1316 661 1316 658 1316 661 1317 607 1317 658 1317 930 1318 837 1318 745 1318 662 1319 745 1319 663 1319 662 1320 930 1320 745 1320 836 1321 663 1321 664 1321 836 1322 662 1322 663 1322 833 1323 664 1323 665 1323 833 1324 836 1324 664 1324 834 1325 665 1325 743 1325 834 1326 833 1326 665 1326 667 1327 743 1327 666 1327 667 1328 834 1328 743 1328 830 1329 666 1329 741 1329 830 1330 667 1330 666 1330 668 1331 741 1331 742 1331 668 1332 830 1332 741 1332 669 1333 668 1333 742 1333 669 1334 742 1334 739 1334 827 1335 669 1335 739 1335 827 1336 739 1336 670 1336 737 1337 827 1337 670 1337 671 1338 827 1338 737 1338 738 1339 671 1339 737 1339 672 1340 671 1340 738 1340 735 1341 672 1341 738 1341 824 1342 672 1342 735 1342 736 1343 824 1343 735 1343 674 1344 824 1344 736 1344 673 1345 674 1345 736 1345 676 1346 673 1346 733 1346 676 1347 674 1347 673 1347 675 1348 733 1348 732 1348 675 1349 676 1349 733 1349 823 1350 732 1350 731 1350 823 1351 675 1351 732 1351 820 1352 731 1352 677 1352 820 1353 823 1353 731 1353 678 1354 677 1354 679 1354 678 1355 820 1355 677 1355 819 1356 679 1356 680 1356 819 1357 678 1357 679 1357 818 1358 680 1358 729 1358 818 1359 819 1359 680 1359 817 1360 729 1360 682 1360 817 1361 818 1361 729 1361 681 1362 682 1362 727 1362 681 1363 817 1363 682 1363 683 1364 727 1364 726 1364 683 1365 681 1365 727 1365 685 1366 726 1366 684 1366 685 1367 683 1367 726 1367 686 1368 684 1368 724 1368 686 1369 685 1369 684 1369 723 1370 686 1370 724 1370 815 1371 686 1371 723 1371 719 1372 815 1372 723 1372 814 1373 815 1373 719 1373 720 1374 814 1374 719 1374 687 1375 814 1375 720 1375 688 1376 720 1376 689 1376 688 1377 687 1377 720 1377 812 1378 689 1378 717 1378 812 1379 688 1379 689 1379 810 1380 717 1380 716 1380 810 1381 812 1381 717 1381 811 1382 810 1382 716 1382 811 1383 716 1383 638 1383 747 1384 572 1384 607 1384 607 1385 572 1385 690 1385 692 1386 571 1386 747 1386 747 1387 571 1387 572 1387 691 1388 569 1388 692 1388 692 1389 569 1389 571 1389 693 1390 694 1390 691 1390 691 1391 694 1391 569 1391 750 1392 695 1392 693 1392 693 1393 695 1393 694 1393 750 1394 566 1394 695 1394 750 1395 749 1395 566 1395 749 1396 565 1396 566 1396 752 1397 696 1397 749 1397 749 1398 696 1398 565 1398 698 1399 697 1399 752 1399 752 1400 697 1400 696 1400 698 1401 699 1401 697 1401 698 1402 753 1402 699 1402 753 1403 559 1403 699 1403 753 1404 558 1404 559 1404 700 1405 558 1405 753 1405 700 1406 701 1406 558 1406 702 1407 701 1407 700 1407 702 1408 557 1408 701 1408 702 1409 703 1409 557 1409 703 1410 704 1410 557 1410 758 1411 705 1411 703 1411 703 1412 705 1412 704 1412 706 1413 554 1413 758 1413 758 1414 554 1414 705 1414 706 1415 552 1415 554 1415 706 1416 761 1416 552 1416 761 1417 707 1417 552 1417 708 1418 551 1418 761 1418 761 1419 551 1419 707 1419 764 1420 550 1420 708 1420 708 1421 550 1421 551 1421 764 1422 547 1422 550 1422 764 1423 765 1423 547 1423 765 1424 545 1424 547 1424 709 1425 543 1425 765 1425 765 1426 543 1426 545 1426 712 1427 710 1427 709 1427 709 1428 710 1428 543 1428 712 1429 713 1429 710 1429 767 1430 711 1430 712 1430 712 1431 711 1431 713 1431 769 1432 541 1432 767 1432 767 1433 541 1433 711 1433 771 1434 714 1434 769 1434 769 1435 714 1435 541 1435 773 1436 715 1436 771 1436 771 1437 715 1437 714 1437 868 1438 536 1438 773 1438 773 1439 536 1439 715 1439 868 1440 811 1440 536 1440 638 1441 716 1441 661 1441 716 1442 746 1442 661 1442 716 1443 717 1443 746 1443 717 1444 718 1444 746 1444 717 1445 689 1445 718 1445 689 1446 721 1446 718 1446 689 1447 720 1447 721 1447 719 1448 748 1448 720 1448 720 1449 748 1449 721 1449 723 1450 725 1450 719 1450 719 1451 725 1451 748 1451 724 1452 722 1452 723 1452 684 1453 722 1453 724 1453 723 1454 722 1454 725 1454 726 1455 751 1455 684 1455 684 1456 751 1456 722 1456 727 1457 728 1457 726 1457 726 1458 728 1458 751 1458 727 1459 682 1459 728 1459 682 1460 754 1460 728 1460 729 1461 754 1461 682 1461 729 1462 755 1462 754 1462 680 1463 755 1463 729 1463 680 1464 730 1464 755 1464 679 1465 730 1465 680 1465 677 1466 730 1466 679 1466 731 1467 756 1467 677 1467 677 1468 756 1468 730 1468 732 1469 757 1469 731 1469 731 1470 757 1470 756 1470 733 1471 757 1471 732 1471 673 1472 759 1472 733 1472 733 1473 759 1473 757 1473 736 1474 760 1474 673 1474 673 1475 760 1475 759 1475 735 1476 734 1476 736 1476 738 1477 734 1477 735 1477 736 1478 734 1478 760 1478 737 1479 762 1479 738 1479 738 1480 762 1480 734 1480 670 1481 763 1481 737 1481 739 1482 763 1482 670 1482 737 1483 763 1483 762 1483 742 1484 740 1484 739 1484 739 1485 740 1485 763 1485 741 1486 766 1486 742 1486 742 1487 766 1487 740 1487 741 1488 666 1488 766 1488 743 1489 744 1489 666 1489 666 1490 744 1490 766 1490 665 1491 768 1491 743 1491 743 1492 768 1492 744 1492 664 1493 770 1493 665 1493 663 1494 770 1494 664 1494 665 1495 770 1495 768 1495 745 1496 772 1496 663 1496 663 1497 772 1497 770 1497 837 1498 774 1498 745 1498 745 1499 774 1499 772 1499 661 1500 746 1500 607 1500 746 1501 747 1501 607 1501 746 1502 718 1502 747 1502 718 1503 692 1503 747 1503 718 1504 721 1504 692 1504 721 1505 691 1505 692 1505 721 1506 748 1506 691 1506 748 1507 693 1507 691 1507 748 1508 725 1508 693 1508 725 1509 750 1509 693 1509 725 1510 722 1510 750 1510 722 1511 749 1511 750 1511 722 1512 751 1512 749 1512 751 1513 752 1513 749 1513 751 1514 728 1514 752 1514 728 1515 698 1515 752 1515 728 1516 754 1516 698 1516 754 1517 753 1517 698 1517 754 1518 755 1518 753 1518 755 1519 700 1519 753 1519 755 1520 730 1520 700 1520 730 1521 702 1521 700 1521 730 1522 756 1522 702 1522 756 1523 703 1523 702 1523 756 1524 757 1524 703 1524 757 1525 758 1525 703 1525 757 1526 759 1526 758 1526 759 1527 706 1527 758 1527 759 1528 760 1528 706 1528 760 1529 761 1529 706 1529 760 1530 734 1530 761 1530 734 1531 708 1531 761 1531 734 1532 762 1532 708 1532 762 1533 764 1533 708 1533 762 1534 763 1534 764 1534 763 1535 765 1535 764 1535 763 1536 740 1536 765 1536 740 1537 709 1537 765 1537 740 1538 766 1538 709 1538 766 1539 712 1539 709 1539 766 1540 744 1540 712 1540 744 1541 767 1541 712 1541 744 1542 768 1542 767 1542 768 1543 769 1543 767 1543 768 1544 770 1544 769 1544 770 1545 771 1545 769 1545 770 1546 772 1546 771 1546 772 1547 773 1547 771 1547 772 1548 774 1548 773 1548 774 1549 868 1549 773 1549 958 1550 867 1550 775 1550 956 1551 775 1551 776 1551 956 1552 958 1552 775 1552 957 1553 776 1553 863 1553 957 1554 956 1554 776 1554 777 1555 863 1555 778 1555 777 1556 957 1556 863 1556 862 1557 777 1557 778 1557 953 1558 862 1558 861 1558 953 1559 777 1559 862 1559 779 1560 861 1560 858 1560 779 1561 953 1561 861 1561 780 1562 858 1562 860 1562 780 1563 779 1563 858 1563 951 1564 780 1564 860 1564 951 1565 860 1565 782 1565 781 1566 951 1566 782 1566 781 1567 782 1567 783 1567 784 1568 781 1568 783 1568 784 1569 783 1569 856 1569 785 1570 784 1570 856 1570 949 1571 784 1571 785 1571 855 1572 949 1572 785 1572 786 1573 949 1573 855 1573 786 1574 855 1574 787 1574 790 1575 787 1575 788 1575 790 1576 786 1576 787 1576 789 1577 788 1577 854 1577 789 1578 790 1578 788 1578 947 1579 854 1579 853 1579 947 1580 789 1580 854 1580 944 1581 853 1581 791 1581 944 1582 947 1582 853 1582 945 1583 791 1583 850 1583 945 1584 944 1584 791 1584 792 1585 850 1585 849 1585 792 1586 945 1586 850 1586 941 1587 849 1587 793 1587 941 1588 792 1588 849 1588 938 1589 793 1589 848 1589 938 1590 941 1590 793 1590 939 1591 848 1591 794 1591 939 1592 938 1592 848 1592 795 1593 794 1593 797 1593 795 1594 939 1594 794 1594 796 1595 797 1595 798 1595 796 1596 795 1596 797 1596 936 1597 798 1597 843 1597 936 1598 796 1598 798 1598 801 1599 843 1599 842 1599 801 1600 936 1600 843 1600 799 1601 842 1601 800 1601 799 1602 801 1602 842 1602 841 1603 799 1603 800 1603 802 1604 799 1604 841 1604 803 1605 802 1605 841 1605 935 1606 802 1606 803 1606 805 1607 935 1607 803 1607 804 1608 935 1608 805 1608 931 1609 805 1609 806 1609 931 1610 804 1610 805 1610 807 1611 806 1611 808 1611 807 1612 931 1612 806 1612 809 1613 808 1613 839 1613 809 1614 807 1614 808 1614 930 1615 839 1615 837 1615 930 1616 809 1616 839 1616 869 1617 810 1617 868 1617 868 1618 810 1618 811 1618 871 1619 812 1619 869 1619 869 1620 812 1620 810 1620 813 1621 688 1621 871 1621 871 1622 688 1622 812 1622 875 1623 687 1623 813 1623 813 1624 687 1624 688 1624 874 1625 814 1625 875 1625 875 1626 814 1626 687 1626 874 1627 815 1627 814 1627 874 1628 876 1628 815 1628 876 1629 686 1629 815 1629 816 1630 685 1630 876 1630 876 1631 685 1631 686 1631 878 1632 683 1632 816 1632 816 1633 683 1633 685 1633 878 1634 681 1634 683 1634 878 1635 879 1635 681 1635 879 1636 817 1636 681 1636 879 1637 818 1637 817 1637 880 1638 818 1638 879 1638 880 1639 819 1639 818 1639 882 1640 819 1640 880 1640 882 1641 678 1641 819 1641 882 1642 821 1642 678 1642 821 1643 820 1643 678 1643 822 1644 823 1644 821 1644 821 1645 823 1645 820 1645 885 1646 675 1646 822 1646 822 1647 675 1647 823 1647 885 1648 676 1648 675 1648 885 1649 884 1649 676 1649 884 1650 674 1650 676 1650 825 1651 824 1651 884 1651 884 1652 824 1652 674 1652 826 1653 672 1653 825 1653 825 1654 672 1654 824 1654 826 1655 671 1655 672 1655 826 1656 890 1656 671 1656 890 1657 827 1657 671 1657 829 1658 669 1658 890 1658 890 1659 669 1659 827 1659 828 1660 668 1660 829 1660 829 1661 668 1661 669 1661 828 1662 830 1662 668 1662 832 1663 667 1663 828 1663 828 1664 667 1664 830 1664 831 1665 834 1665 832 1665 832 1666 834 1666 667 1666 835 1667 833 1667 831 1667 831 1668 833 1668 834 1668 893 1669 836 1669 835 1669 835 1670 836 1670 833 1670 990 1671 662 1671 893 1671 893 1672 662 1672 836 1672 990 1673 930 1673 662 1673 837 1674 839 1674 774 1674 839 1675 838 1675 774 1675 839 1676 808 1676 838 1676 808 1677 870 1677 838 1677 808 1678 806 1678 870 1678 806 1679 840 1679 870 1679 806 1680 805 1680 840 1680 803 1681 872 1681 805 1681 805 1682 872 1682 840 1682 841 1683 873 1683 803 1683 803 1684 873 1684 872 1684 800 1685 877 1685 841 1685 842 1686 877 1686 800 1686 841 1687 877 1687 873 1687 843 1688 845 1688 842 1688 842 1689 845 1689 877 1689 798 1690 844 1690 843 1690 843 1691 844 1691 845 1691 798 1692 797 1692 844 1692 797 1693 847 1693 844 1693 794 1694 847 1694 797 1694 794 1695 846 1695 847 1695 848 1696 846 1696 794 1696 848 1697 881 1697 846 1697 793 1698 881 1698 848 1698 849 1699 881 1699 793 1699 849 1700 851 1700 881 1700 850 1701 851 1701 849 1701 791 1702 883 1702 850 1702 850 1703 883 1703 851 1703 791 1704 853 1704 883 1704 854 1705 852 1705 853 1705 853 1706 852 1706 883 1706 788 1707 886 1707 854 1707 854 1708 886 1708 852 1708 787 1709 887 1709 788 1709 855 1710 887 1710 787 1710 788 1711 887 1711 886 1711 785 1712 888 1712 855 1712 855 1713 888 1713 887 1713 856 1714 889 1714 785 1714 783 1715 889 1715 856 1715 785 1716 889 1716 888 1716 782 1717 857 1717 783 1717 783 1718 857 1718 889 1718 860 1719 859 1719 782 1719 858 1720 859 1720 860 1720 782 1721 859 1721 857 1721 861 1722 891 1722 858 1722 858 1723 891 1723 859 1723 862 1724 865 1724 861 1724 778 1725 865 1725 862 1725 861 1726 865 1726 891 1726 863 1727 864 1727 778 1727 778 1728 864 1728 865 1728 776 1729 866 1729 863 1729 775 1730 866 1730 776 1730 863 1731 866 1731 864 1731 867 1732 892 1732 775 1732 775 1733 892 1733 866 1733 774 1734 838 1734 868 1734 838 1735 869 1735 868 1735 838 1736 870 1736 869 1736 870 1737 871 1737 869 1737 870 1738 840 1738 871 1738 840 1739 813 1739 871 1739 840 1740 872 1740 813 1740 872 1741 875 1741 813 1741 872 1742 873 1742 875 1742 873 1743 874 1743 875 1743 873 1744 877 1744 874 1744 877 1745 876 1745 874 1745 877 1746 845 1746 876 1746 845 1747 816 1747 876 1747 845 1748 844 1748 816 1748 844 1749 878 1749 816 1749 844 1750 847 1750 878 1750 847 1751 879 1751 878 1751 847 1752 846 1752 879 1752 846 1753 880 1753 879 1753 846 1754 881 1754 880 1754 881 1755 882 1755 880 1755 881 1756 851 1756 882 1756 851 1757 821 1757 882 1757 851 1758 883 1758 821 1758 883 1759 822 1759 821 1759 883 1760 852 1760 822 1760 852 1761 885 1761 822 1761 852 1762 886 1762 885 1762 886 1763 884 1763 885 1763 886 1764 887 1764 884 1764 887 1765 825 1765 884 1765 887 1766 888 1766 825 1766 888 1767 826 1767 825 1767 888 1768 889 1768 826 1768 889 1769 890 1769 826 1769 889 1770 857 1770 890 1770 857 1771 829 1771 890 1771 857 1772 859 1772 829 1772 859 1773 828 1773 829 1773 859 1774 891 1774 828 1774 891 1775 832 1775 828 1775 891 1776 865 1776 832 1776 865 1777 831 1777 832 1777 865 1778 864 1778 831 1778 864 1779 835 1779 831 1779 864 1780 866 1780 835 1780 866 1781 893 1781 835 1781 866 1782 892 1782 893 1782 892 1783 990 1783 893 1783 1047 1784 1046 1784 989 1784 1073 1785 989 1785 894 1785 1073 1786 1047 1786 989 1786 896 1787 894 1787 986 1787 896 1788 1073 1788 894 1788 895 1789 986 1789 988 1789 895 1790 896 1790 986 1790 1070 1791 988 1791 984 1791 1070 1792 895 1792 988 1792 1071 1793 984 1793 897 1793 1071 1794 1070 1794 984 1794 899 1795 1071 1795 897 1795 898 1796 1071 1796 899 1796 982 1797 898 1797 899 1797 900 1798 982 1798 902 1798 900 1799 898 1799 982 1799 901 1800 900 1800 902 1800 901 1801 902 1801 981 1801 903 1802 901 1802 981 1802 903 1803 981 1803 978 1803 904 1804 903 1804 978 1804 904 1805 978 1805 979 1805 977 1806 904 1806 979 1806 905 1807 904 1807 977 1807 906 1808 905 1808 977 1808 1066 1809 906 1809 976 1809 1066 1810 905 1810 906 1810 909 1811 976 1811 973 1811 909 1812 1066 1812 976 1812 908 1813 973 1813 907 1813 908 1814 909 1814 973 1814 910 1815 907 1815 911 1815 910 1816 908 1816 907 1816 912 1817 911 1817 913 1817 912 1818 910 1818 911 1818 914 1819 913 1819 916 1819 914 1820 912 1820 913 1820 917 1821 916 1821 915 1821 917 1822 914 1822 916 1822 918 1823 915 1823 970 1823 918 1824 917 1824 915 1824 1062 1825 970 1825 919 1825 1062 1826 918 1826 970 1826 1060 1827 919 1827 920 1827 1060 1828 1062 1828 919 1828 921 1829 920 1829 922 1829 921 1830 1060 1830 920 1830 923 1831 922 1831 966 1831 923 1832 921 1832 922 1832 1057 1833 966 1833 965 1833 1057 1834 923 1834 966 1834 924 1835 1057 1835 965 1835 925 1836 1057 1836 924 1836 926 1837 925 1837 924 1837 1054 1838 925 1838 926 1838 961 1839 1054 1839 926 1839 1052 1840 1054 1840 961 1840 1050 1841 961 1841 960 1841 1050 1842 1052 1842 961 1842 928 1843 960 1843 927 1843 928 1844 1050 1844 960 1844 1048 1845 927 1845 929 1845 1048 1846 928 1846 927 1846 958 1847 929 1847 867 1847 958 1848 1048 1848 929 1848 992 1849 809 1849 990 1849 990 1850 809 1850 930 1850 932 1851 807 1851 992 1851 992 1852 807 1852 809 1852 933 1853 931 1853 932 1853 932 1854 931 1854 807 1854 934 1855 804 1855 933 1855 933 1856 804 1856 931 1856 993 1857 935 1857 934 1857 934 1858 935 1858 804 1858 993 1859 802 1859 935 1859 993 1860 995 1860 802 1860 995 1861 799 1861 802 1861 937 1862 801 1862 995 1862 995 1863 801 1863 799 1863 996 1864 936 1864 937 1864 937 1865 936 1865 801 1865 996 1866 796 1866 936 1866 996 1867 997 1867 796 1867 997 1868 795 1868 796 1868 997 1869 939 1869 795 1869 940 1870 939 1870 997 1870 940 1871 938 1871 939 1871 998 1872 938 1872 940 1872 998 1873 941 1873 938 1873 998 1874 942 1874 941 1874 942 1875 792 1875 941 1875 943 1876 945 1876 942 1876 942 1877 945 1877 792 1877 946 1878 944 1878 943 1878 943 1879 944 1879 945 1879 946 1880 947 1880 944 1880 946 1881 1002 1881 947 1881 1002 1882 789 1882 947 1882 1004 1883 790 1883 1002 1883 1002 1884 790 1884 789 1884 948 1885 786 1885 1004 1885 1004 1886 786 1886 790 1886 948 1887 949 1887 786 1887 948 1888 1005 1888 949 1888 1005 1889 784 1889 949 1889 950 1890 781 1890 1005 1890 1005 1891 781 1891 784 1891 952 1892 951 1892 950 1892 950 1893 951 1893 781 1893 952 1894 780 1894 951 1894 1008 1895 779 1895 952 1895 952 1896 779 1896 780 1896 954 1897 953 1897 1008 1897 1008 1898 953 1898 779 1898 955 1899 777 1899 954 1899 954 1900 777 1900 953 1900 1010 1901 957 1901 955 1901 955 1902 957 1902 777 1902 1049 1903 956 1903 1010 1903 1010 1904 956 1904 957 1904 1049 1905 958 1905 956 1905 867 1906 929 1906 892 1906 929 1907 991 1907 892 1907 929 1908 927 1908 991 1908 927 1909 959 1909 991 1909 927 1910 960 1910 959 1910 960 1911 963 1911 959 1911 960 1912 961 1912 963 1912 926 1913 962 1913 961 1913 961 1914 962 1914 963 1914 924 1915 964 1915 926 1915 926 1916 964 1916 962 1916 965 1917 994 1917 924 1917 966 1918 994 1918 965 1918 924 1919 994 1919 964 1919 922 1920 967 1920 966 1920 966 1921 967 1921 994 1921 920 1922 968 1922 922 1922 922 1923 968 1923 967 1923 920 1924 919 1924 968 1924 919 1925 969 1925 968 1925 970 1926 969 1926 919 1926 970 1927 971 1927 969 1927 915 1928 971 1928 970 1928 915 1929 972 1929 971 1929 916 1930 972 1930 915 1930 913 1931 972 1931 916 1931 911 1932 999 1932 913 1932 913 1933 999 1933 972 1933 907 1934 1000 1934 911 1934 911 1935 1000 1935 999 1935 973 1936 1000 1936 907 1936 976 1937 974 1937 973 1937 973 1938 974 1938 1000 1938 906 1939 975 1939 976 1939 976 1940 975 1940 974 1940 977 1941 1001 1941 906 1941 979 1942 1001 1942 977 1942 906 1943 1001 1943 975 1943 978 1944 1003 1944 979 1944 979 1945 1003 1945 1001 1945 981 1946 980 1946 978 1946 902 1947 980 1947 981 1947 978 1948 980 1948 1003 1948 982 1949 983 1949 902 1949 902 1950 983 1950 980 1950 899 1951 1006 1951 982 1951 982 1952 1006 1952 983 1952 899 1953 897 1953 1006 1953 984 1954 985 1954 897 1954 897 1955 985 1955 1006 1955 988 1956 1007 1956 984 1956 984 1957 1007 1957 985 1957 986 1958 987 1958 988 1958 894 1959 987 1959 986 1959 988 1960 987 1960 1007 1960 989 1961 1009 1961 894 1961 894 1962 1009 1962 987 1962 1046 1963 1074 1963 989 1963 989 1964 1074 1964 1009 1964 892 1965 991 1965 990 1965 991 1966 992 1966 990 1966 991 1967 959 1967 992 1967 959 1968 932 1968 992 1968 959 1969 963 1969 932 1969 963 1970 933 1970 932 1970 963 1971 962 1971 933 1971 962 1972 934 1972 933 1972 962 1973 964 1973 934 1973 964 1974 993 1974 934 1974 964 1975 994 1975 993 1975 994 1976 995 1976 993 1976 994 1977 967 1977 995 1977 967 1978 937 1978 995 1978 967 1979 968 1979 937 1979 968 1980 996 1980 937 1980 968 1981 969 1981 996 1981 969 1982 997 1982 996 1982 969 1983 971 1983 997 1983 971 1984 940 1984 997 1984 971 1985 972 1985 940 1985 972 1986 998 1986 940 1986 972 1987 999 1987 998 1987 999 1988 942 1988 998 1988 999 1989 1000 1989 942 1989 1000 1990 943 1990 942 1990 1000 1991 974 1991 943 1991 974 1992 946 1992 943 1992 974 1993 975 1993 946 1993 975 1994 1002 1994 946 1994 975 1995 1001 1995 1002 1995 1001 1996 1004 1996 1002 1996 1001 1997 1003 1997 1004 1997 1003 1998 948 1998 1004 1998 1003 1999 980 1999 948 1999 980 2000 1005 2000 948 2000 980 2001 983 2001 1005 2001 983 2002 950 2002 1005 2002 983 2003 1006 2003 950 2003 1006 2004 952 2004 950 2004 1006 2005 985 2005 952 2005 985 2006 1008 2006 952 2006 985 2007 1007 2007 1008 2007 1007 2008 954 2008 1008 2008 1007 2009 987 2009 954 2009 987 2010 955 2010 954 2010 987 2011 1009 2011 955 2011 1009 2012 1010 2012 955 2012 1009 2013 1074 2013 1010 2013 1074 2014 1049 2014 1010 2014 1191 2015 1168 2015 1103 2015 1191 2016 1169 2016 1168 2016 1011 2017 1103 2017 1101 2017 1011 2018 1191 2018 1103 2018 1190 2019 1101 2019 1100 2019 1190 2020 1011 2020 1101 2020 1012 2021 1100 2021 1014 2021 1012 2022 1190 2022 1100 2022 1013 2023 1014 2023 1099 2023 1013 2024 1012 2024 1014 2024 1015 2025 1099 2025 1098 2025 1015 2026 1013 2026 1099 2026 1016 2027 1015 2027 1098 2027 1016 2028 1098 2028 1017 2028 1188 2029 1016 2029 1017 2029 1188 2030 1017 2030 1018 2030 1020 2031 1188 2031 1018 2031 1020 2032 1018 2032 1019 2032 1021 2033 1020 2033 1019 2033 1021 2034 1019 2034 1096 2034 1022 2035 1021 2035 1096 2035 1022 2036 1096 2036 1023 2036 1024 2037 1022 2037 1023 2037 1095 2038 1024 2038 1023 2038 1182 2039 1024 2039 1095 2039 1026 2040 1182 2040 1095 2040 1184 2041 1182 2041 1026 2041 1029 2042 1026 2042 1025 2042 1029 2043 1184 2043 1026 2043 1028 2044 1025 2044 1027 2044 1028 2045 1029 2045 1025 2045 1031 2046 1027 2046 1030 2046 1031 2047 1028 2047 1027 2047 1032 2048 1030 2048 1093 2048 1032 2049 1031 2049 1030 2049 1092 2050 1032 2050 1093 2050 1181 2051 1032 2051 1092 2051 1091 2052 1181 2052 1092 2052 1033 2053 1091 2053 1034 2053 1033 2054 1181 2054 1091 2054 1035 2055 1034 2055 1090 2055 1035 2056 1033 2056 1034 2056 1037 2057 1090 2057 1036 2057 1037 2058 1035 2058 1090 2058 1039 2059 1036 2059 1040 2059 1039 2060 1037 2060 1036 2060 1038 2061 1040 2061 1089 2061 1038 2062 1039 2062 1040 2062 1179 2063 1089 2063 1087 2063 1179 2064 1038 2064 1089 2064 1175 2065 1087 2065 1088 2065 1175 2066 1179 2066 1087 2066 1177 2067 1088 2067 1083 2067 1177 2068 1175 2068 1088 2068 1041 2069 1083 2069 1084 2069 1041 2070 1177 2070 1083 2070 1043 2071 1041 2071 1084 2071 1042 2072 1041 2072 1043 2072 1081 2073 1042 2073 1043 2073 1044 2074 1042 2074 1081 2074 1079 2075 1044 2075 1081 2075 1174 2076 1044 2076 1079 2076 1078 2077 1174 2077 1079 2077 1173 2078 1174 2078 1078 2078 1045 2079 1078 2079 1077 2079 1045 2080 1173 2080 1078 2080 1172 2081 1077 2081 1076 2081 1172 2082 1045 2082 1077 2082 1047 2083 1076 2083 1046 2083 1047 2084 1172 2084 1076 2084 1105 2085 1048 2085 1049 2085 1049 2086 1048 2086 958 2086 1051 2087 928 2087 1105 2087 1105 2088 928 2088 1048 2088 1106 2089 1050 2089 1051 2089 1051 2090 1050 2090 928 2090 1053 2091 1052 2091 1106 2091 1106 2092 1052 2092 1050 2092 1055 2093 1054 2093 1053 2093 1053 2094 1054 2094 1052 2094 1055 2095 925 2095 1054 2095 1055 2096 1056 2096 925 2096 1056 2097 1057 2097 925 2097 1059 2098 923 2098 1056 2098 1056 2099 923 2099 1057 2099 1058 2100 921 2100 1059 2100 1059 2101 921 2101 923 2101 1058 2102 1060 2102 921 2102 1058 2103 1061 2103 1060 2103 1061 2104 1062 2104 1060 2104 1061 2105 918 2105 1062 2105 1063 2106 918 2106 1061 2106 1063 2107 917 2107 918 2107 1112 2108 917 2108 1063 2108 1112 2109 914 2109 917 2109 1112 2110 1113 2110 914 2110 1113 2111 912 2111 914 2111 1064 2112 910 2112 1113 2112 1113 2113 910 2113 912 2113 1065 2114 908 2114 1064 2114 1064 2115 908 2115 910 2115 1065 2116 909 2116 908 2116 1067 2117 1066 2117 1065 2117 1065 2118 1066 2118 909 2118 1119 2119 905 2119 1067 2119 1067 2120 905 2120 1066 2120 1068 2121 904 2121 1119 2121 1119 2122 904 2122 905 2122 1122 2123 903 2123 1068 2123 1068 2124 903 2124 904 2124 1122 2125 901 2125 903 2125 1122 2126 1123 2126 901 2126 1123 2127 900 2127 901 2127 1124 2128 898 2128 1123 2128 1123 2129 898 2129 900 2129 1069 2130 1071 2130 1124 2130 1124 2131 1071 2131 898 2131 1127 2132 1070 2132 1069 2132 1069 2133 1070 2133 1071 2133 1072 2134 895 2134 1127 2134 1127 2135 895 2135 1070 2135 1129 2136 896 2136 1072 2136 1072 2137 896 2137 895 2137 1171 2138 1073 2138 1129 2138 1129 2139 1073 2139 896 2139 1171 2140 1047 2140 1073 2140 1046 2141 1076 2141 1074 2141 1076 2142 1075 2142 1074 2142 1076 2143 1077 2143 1075 2143 1077 2144 1104 2144 1075 2144 1077 2145 1078 2145 1104 2145 1078 2146 1080 2146 1104 2146 1078 2147 1079 2147 1080 2147 1081 2148 1082 2148 1079 2148 1079 2149 1082 2149 1080 2149 1043 2150 1107 2150 1081 2150 1081 2151 1107 2151 1082 2151 1084 2152 1085 2152 1043 2152 1083 2153 1085 2153 1084 2153 1043 2154 1085 2154 1107 2154 1088 2155 1086 2155 1083 2155 1083 2156 1086 2156 1085 2156 1087 2157 1108 2157 1088 2157 1089 2158 1108 2158 1087 2158 1088 2159 1108 2159 1086 2159 1040 2160 1109 2160 1089 2160 1089 2161 1109 2161 1108 2161 1040 2162 1110 2162 1109 2162 1036 2163 1110 2163 1040 2163 1036 2164 1090 2164 1110 2164 1034 2165 1111 2165 1090 2165 1090 2166 1111 2166 1110 2166 1091 2167 1114 2167 1034 2167 1034 2168 1114 2168 1111 2168 1092 2169 1115 2169 1091 2169 1093 2170 1115 2170 1092 2170 1091 2171 1115 2171 1114 2171 1030 2172 1116 2172 1093 2172 1093 2173 1116 2173 1115 2173 1027 2174 1117 2174 1030 2174 1025 2175 1117 2175 1027 2175 1030 2176 1117 2176 1116 2176 1026 2177 1118 2177 1025 2177 1025 2178 1118 2178 1117 2178 1095 2179 1094 2179 1026 2179 1023 2180 1094 2180 1095 2180 1026 2181 1094 2181 1118 2181 1096 2182 1120 2182 1023 2182 1023 2183 1120 2183 1094 2183 1019 2184 1121 2184 1096 2184 1018 2185 1121 2185 1019 2185 1096 2186 1121 2186 1120 2186 1017 2187 1097 2187 1018 2187 1018 2188 1097 2188 1121 2188 1017 2189 1098 2189 1097 2189 1099 2190 1125 2190 1098 2190 1098 2191 1125 2191 1097 2191 1014 2192 1126 2192 1099 2192 1099 2193 1126 2193 1125 2193 1014 2194 1100 2194 1126 2194 1101 2195 1128 2195 1100 2195 1100 2196 1128 2196 1126 2196 1103 2197 1130 2197 1101 2197 1101 2198 1130 2198 1128 2198 1168 2199 1102 2199 1103 2199 1103 2200 1102 2200 1130 2200 1074 2201 1075 2201 1049 2201 1075 2202 1105 2202 1049 2202 1075 2203 1104 2203 1105 2203 1104 2204 1051 2204 1105 2204 1104 2205 1080 2205 1051 2205 1080 2206 1106 2206 1051 2206 1080 2207 1082 2207 1106 2207 1082 2208 1053 2208 1106 2208 1082 2209 1107 2209 1053 2209 1107 2210 1055 2210 1053 2210 1107 2211 1085 2211 1055 2211 1085 2212 1056 2212 1055 2212 1085 2213 1086 2213 1056 2213 1086 2214 1059 2214 1056 2214 1086 2215 1108 2215 1059 2215 1108 2216 1058 2216 1059 2216 1108 2217 1109 2217 1058 2217 1109 2218 1061 2218 1058 2218 1109 2219 1110 2219 1061 2219 1110 2220 1063 2220 1061 2220 1110 2221 1111 2221 1063 2221 1111 2222 1112 2222 1063 2222 1111 2223 1114 2223 1112 2223 1114 2224 1113 2224 1112 2224 1114 2225 1115 2225 1113 2225 1115 2226 1064 2226 1113 2226 1115 2227 1116 2227 1064 2227 1116 2228 1065 2228 1064 2228 1116 2229 1117 2229 1065 2229 1117 2230 1067 2230 1065 2230 1117 2231 1118 2231 1067 2231 1118 2232 1119 2232 1067 2232 1118 2233 1094 2233 1119 2233 1094 2234 1068 2234 1119 2234 1094 2235 1120 2235 1068 2235 1120 2236 1122 2236 1068 2236 1120 2237 1121 2237 1122 2237 1121 2238 1123 2238 1122 2238 1121 2239 1097 2239 1123 2239 1097 2240 1124 2240 1123 2240 1097 2241 1125 2241 1124 2241 1125 2242 1069 2242 1124 2242 1125 2243 1126 2243 1069 2243 1126 2244 1127 2244 1069 2244 1126 2245 1128 2245 1127 2245 1128 2246 1072 2246 1127 2246 1128 2247 1130 2247 1072 2247 1130 2248 1129 2248 1072 2248 1130 2249 1102 2249 1129 2249 1102 2250 1171 2250 1129 2250 1131 2251 1286 2251 1220 2251 1312 2252 1131 2252 1218 2252 1312 2253 1286 2253 1131 2253 1313 2254 1312 2254 1218 2254 1219 2255 1313 2255 1218 2255 1134 2256 1313 2256 1219 2256 1132 2257 1134 2257 1219 2257 1133 2258 1134 2258 1132 2258 1135 2259 1132 2259 1137 2259 1135 2260 1133 2260 1132 2260 1136 2261 1137 2261 1138 2261 1136 2262 1135 2262 1137 2262 1307 2263 1138 2263 1139 2263 1307 2264 1136 2264 1138 2264 1308 2265 1139 2265 1141 2265 1308 2266 1307 2266 1139 2266 1140 2267 1308 2267 1141 2267 1140 2268 1141 2268 1213 2268 1305 2269 1140 2269 1213 2269 1305 2270 1213 2270 1142 2270 1143 2271 1305 2271 1142 2271 1143 2272 1142 2272 1212 2272 1304 2273 1143 2273 1212 2273 1304 2274 1212 2274 1144 2274 1303 2275 1144 2275 1208 2275 1303 2276 1304 2276 1144 2276 1145 2277 1303 2277 1208 2277 1207 2278 1145 2278 1208 2278 1298 2279 1145 2279 1207 2279 1146 2280 1298 2280 1207 2280 1147 2281 1298 2281 1146 2281 1148 2282 1147 2282 1146 2282 1297 2283 1147 2283 1148 2283 1206 2284 1297 2284 1148 2284 1149 2285 1206 2285 1204 2285 1149 2286 1297 2286 1206 2286 1150 2287 1204 2287 1201 2287 1150 2288 1149 2288 1204 2288 1294 2289 1201 2289 1203 2289 1294 2290 1150 2290 1201 2290 1295 2291 1203 2291 1200 2291 1295 2292 1294 2292 1203 2292 1293 2293 1200 2293 1199 2293 1293 2294 1295 2294 1200 2294 1151 2295 1199 2295 1198 2295 1151 2296 1293 2296 1199 2296 1154 2297 1198 2297 1155 2297 1154 2298 1151 2298 1198 2298 1153 2299 1155 2299 1152 2299 1153 2300 1154 2300 1155 2300 1156 2301 1152 2301 1197 2301 1156 2302 1153 2302 1152 2302 1290 2303 1197 2303 1194 2303 1290 2304 1156 2304 1197 2304 1157 2305 1290 2305 1194 2305 1158 2306 1290 2306 1157 2306 1161 2307 1158 2307 1157 2307 1159 2308 1158 2308 1161 2308 1160 2309 1159 2309 1161 2309 1163 2310 1159 2310 1160 2310 1162 2311 1163 2311 1160 2311 1165 2312 1163 2312 1162 2312 1164 2313 1165 2313 1162 2313 1164 2314 1162 2314 1166 2314 1170 2315 1166 2315 1167 2315 1170 2316 1164 2316 1166 2316 1169 2317 1167 2317 1168 2317 1169 2318 1170 2318 1167 2318 1223 2319 1172 2319 1171 2319 1171 2320 1172 2320 1047 2320 1222 2321 1045 2321 1223 2321 1223 2322 1045 2322 1172 2322 1224 2323 1173 2323 1222 2323 1222 2324 1173 2324 1045 2324 1228 2325 1174 2325 1224 2325 1224 2326 1174 2326 1173 2326 1227 2327 1044 2327 1228 2327 1228 2328 1044 2328 1174 2328 1227 2329 1042 2329 1044 2329 1227 2330 1229 2330 1042 2330 1229 2331 1041 2331 1042 2331 1176 2332 1177 2332 1229 2332 1229 2333 1177 2333 1041 2333 1178 2334 1175 2334 1176 2334 1176 2335 1175 2335 1177 2335 1178 2336 1179 2336 1175 2336 1178 2337 1232 2337 1179 2337 1232 2338 1038 2338 1179 2338 1232 2339 1039 2339 1038 2339 1234 2340 1039 2340 1232 2340 1236 2341 1037 2341 1234 2341 1234 2342 1037 2342 1039 2342 1236 2343 1035 2343 1037 2343 1236 2344 1180 2344 1035 2344 1180 2345 1033 2345 1035 2345 1237 2346 1181 2346 1180 2346 1180 2347 1181 2347 1033 2347 1239 2348 1032 2348 1237 2348 1237 2349 1032 2349 1181 2349 1239 2350 1031 2350 1032 2350 1240 2351 1028 2351 1239 2351 1239 2352 1028 2352 1031 2352 1183 2353 1029 2353 1240 2353 1240 2354 1029 2354 1028 2354 1183 2355 1184 2355 1029 2355 1186 2356 1182 2356 1183 2356 1183 2357 1182 2357 1184 2357 1185 2358 1024 2358 1186 2358 1186 2359 1024 2359 1182 2359 1185 2360 1022 2360 1024 2360 1241 2361 1021 2361 1185 2361 1185 2362 1021 2362 1022 2362 1241 2363 1020 2363 1021 2363 1187 2364 1188 2364 1241 2364 1241 2365 1188 2365 1020 2365 1243 2366 1016 2366 1187 2366 1187 2367 1016 2367 1188 2367 1243 2368 1015 2368 1016 2368 1245 2369 1013 2369 1243 2369 1243 2370 1013 2370 1015 2370 1189 2371 1012 2371 1245 2371 1245 2372 1012 2372 1013 2372 1189 2373 1190 2373 1012 2373 1247 2374 1011 2374 1189 2374 1189 2375 1011 2375 1190 2375 1287 2376 1191 2376 1247 2376 1247 2377 1191 2377 1011 2377 1287 2378 1169 2378 1191 2378 1168 2379 1167 2379 1102 2379 1167 2380 1192 2380 1102 2380 1167 2381 1166 2381 1192 2381 1166 2382 1221 2382 1192 2382 1166 2383 1162 2383 1221 2383 1162 2384 1193 2384 1221 2384 1162 2385 1160 2385 1193 2385 1161 2386 1225 2386 1160 2386 1160 2387 1225 2387 1193 2387 1157 2388 1226 2388 1161 2388 1161 2389 1226 2389 1225 2389 1194 2390 1195 2390 1157 2390 1197 2391 1195 2391 1194 2391 1157 2392 1195 2392 1226 2392 1152 2393 1196 2393 1197 2393 1197 2394 1196 2394 1195 2394 1155 2395 1230 2395 1152 2395 1152 2396 1230 2396 1196 2396 1155 2397 1198 2397 1230 2397 1198 2398 1231 2398 1230 2398 1199 2399 1231 2399 1198 2399 1199 2400 1233 2400 1231 2400 1200 2401 1233 2401 1199 2401 1200 2402 1202 2402 1233 2402 1203 2403 1202 2403 1200 2403 1201 2404 1202 2404 1203 2404 1204 2405 1235 2405 1201 2405 1201 2406 1235 2406 1202 2406 1206 2407 1205 2407 1204 2407 1204 2408 1205 2408 1235 2408 1148 2409 1205 2409 1206 2409 1146 2410 1238 2410 1148 2410 1148 2411 1238 2411 1205 2411 1207 2412 1210 2412 1146 2412 1208 2413 1210 2413 1207 2413 1146 2414 1210 2414 1238 2414 1144 2415 1209 2415 1208 2415 1208 2416 1209 2416 1210 2416 1212 2417 1211 2417 1144 2417 1142 2418 1211 2418 1212 2418 1144 2419 1211 2419 1209 2419 1213 2420 1215 2420 1142 2420 1142 2421 1215 2421 1211 2421 1141 2422 1214 2422 1213 2422 1213 2423 1214 2423 1215 2423 1139 2424 1216 2424 1141 2424 1138 2425 1216 2425 1139 2425 1141 2426 1216 2426 1214 2426 1137 2427 1242 2427 1138 2427 1138 2428 1242 2428 1216 2428 1132 2429 1217 2429 1137 2429 1219 2430 1217 2430 1132 2430 1137 2431 1217 2431 1242 2431 1218 2432 1244 2432 1219 2432 1219 2433 1244 2433 1217 2433 1131 2434 1246 2434 1218 2434 1218 2435 1246 2435 1244 2435 1220 2436 1315 2436 1131 2436 1131 2437 1315 2437 1246 2437 1102 2438 1192 2438 1171 2438 1192 2439 1223 2439 1171 2439 1192 2440 1221 2440 1223 2440 1221 2441 1222 2441 1223 2441 1221 2442 1193 2442 1222 2442 1193 2443 1224 2443 1222 2443 1193 2444 1225 2444 1224 2444 1225 2445 1228 2445 1224 2445 1225 2446 1226 2446 1228 2446 1226 2447 1227 2447 1228 2447 1226 2448 1195 2448 1227 2448 1195 2449 1229 2449 1227 2449 1195 2450 1196 2450 1229 2450 1196 2451 1176 2451 1229 2451 1196 2452 1230 2452 1176 2452 1230 2453 1178 2453 1176 2453 1230 2454 1231 2454 1178 2454 1231 2455 1232 2455 1178 2455 1231 2456 1233 2456 1232 2456 1233 2457 1234 2457 1232 2457 1233 2458 1202 2458 1234 2458 1202 2459 1236 2459 1234 2459 1202 2460 1235 2460 1236 2460 1235 2461 1180 2461 1236 2461 1235 2462 1205 2462 1180 2462 1205 2463 1237 2463 1180 2463 1205 2464 1238 2464 1237 2464 1238 2465 1239 2465 1237 2465 1238 2466 1210 2466 1239 2466 1210 2467 1240 2467 1239 2467 1210 2468 1209 2468 1240 2468 1209 2469 1183 2469 1240 2469 1209 2470 1211 2470 1183 2470 1211 2471 1186 2471 1183 2471 1211 2472 1215 2472 1186 2472 1215 2473 1185 2473 1186 2473 1215 2474 1214 2474 1185 2474 1214 2475 1241 2475 1185 2475 1214 2476 1216 2476 1241 2476 1216 2477 1187 2477 1241 2477 1216 2478 1242 2478 1187 2478 1242 2479 1243 2479 1187 2479 1242 2480 1217 2480 1243 2480 1217 2481 1245 2481 1243 2481 1217 2482 1244 2482 1245 2482 1244 2483 1189 2483 1245 2483 1244 2484 1246 2484 1189 2484 1246 2485 1247 2485 1189 2485 1246 2486 1315 2486 1247 2486 1315 2487 1287 2487 1247 2487 1422 2488 1248 2488 1342 2488 1423 2489 1342 2489 1340 2489 1423 2490 1422 2490 1342 2490 1249 2491 1340 2491 1341 2491 1249 2492 1423 2492 1340 2492 1421 2493 1341 2493 1250 2493 1421 2494 1249 2494 1341 2494 1251 2495 1250 2495 1252 2495 1251 2496 1421 2496 1250 2496 1420 2497 1252 2497 1254 2497 1420 2498 1251 2498 1252 2498 1253 2499 1254 2499 1255 2499 1253 2500 1420 2500 1254 2500 1337 2501 1253 2501 1255 2501 1418 2502 1253 2502 1337 2502 1335 2503 1418 2503 1337 2503 1417 2504 1418 2504 1335 2504 1417 2505 1335 2505 1336 2505 1256 2506 1417 2506 1336 2506 1256 2507 1336 2507 1258 2507 1257 2508 1256 2508 1258 2508 1257 2509 1258 2509 1259 2509 1415 2510 1257 2510 1259 2510 1415 2511 1259 2511 1334 2511 1416 2512 1334 2512 1260 2512 1416 2513 1415 2513 1334 2513 1413 2514 1260 2514 1332 2514 1413 2515 1416 2515 1260 2515 1262 2516 1332 2516 1261 2516 1262 2517 1413 2517 1332 2517 1266 2518 1261 2518 1264 2518 1266 2519 1262 2519 1261 2519 1263 2520 1266 2520 1264 2520 1265 2521 1266 2521 1263 2521 1329 2522 1265 2522 1263 2522 1268 2523 1265 2523 1329 2523 1328 2524 1268 2524 1329 2524 1267 2525 1328 2525 1327 2525 1267 2526 1268 2526 1328 2526 1269 2527 1327 2527 1270 2527 1269 2528 1267 2528 1327 2528 1272 2529 1270 2529 1273 2529 1272 2530 1269 2530 1270 2530 1271 2531 1273 2531 1322 2531 1271 2532 1272 2532 1273 2532 1276 2533 1322 2533 1275 2533 1276 2534 1271 2534 1322 2534 1274 2535 1275 2535 1321 2535 1274 2536 1276 2536 1275 2536 1409 2537 1321 2537 1277 2537 1409 2538 1274 2538 1321 2538 1278 2539 1277 2539 1279 2539 1278 2540 1409 2540 1277 2540 1281 2541 1278 2541 1279 2541 1280 2542 1278 2542 1281 2542 1282 2543 1280 2543 1281 2543 1405 2544 1280 2544 1282 2544 1318 2545 1405 2545 1282 2545 1404 2546 1405 2546 1318 2546 1317 2547 1404 2547 1318 2547 1283 2548 1404 2548 1317 2548 1285 2549 1317 2549 1316 2549 1285 2550 1283 2550 1317 2550 1284 2551 1316 2551 1314 2551 1284 2552 1285 2552 1316 2552 1286 2553 1314 2553 1220 2553 1286 2554 1284 2554 1314 2554 1345 2555 1170 2555 1287 2555 1287 2556 1170 2556 1169 2556 1288 2557 1164 2557 1345 2557 1345 2558 1164 2558 1170 2558 1348 2559 1165 2559 1288 2559 1288 2560 1165 2560 1164 2560 1289 2561 1163 2561 1348 2561 1348 2562 1163 2562 1165 2562 1350 2563 1159 2563 1289 2563 1289 2564 1159 2564 1163 2564 1350 2565 1158 2565 1159 2565 1350 2566 1351 2566 1158 2566 1351 2567 1290 2567 1158 2567 1353 2568 1156 2568 1351 2568 1351 2569 1156 2569 1290 2569 1291 2570 1153 2570 1353 2570 1353 2571 1153 2571 1156 2571 1291 2572 1154 2572 1153 2572 1291 2573 1292 2573 1154 2573 1292 2574 1151 2574 1154 2574 1292 2575 1293 2575 1151 2575 1354 2576 1293 2576 1292 2576 1354 2577 1295 2577 1293 2577 1356 2578 1295 2578 1354 2578 1356 2579 1294 2579 1295 2579 1356 2580 1296 2580 1294 2580 1296 2581 1150 2581 1294 2581 1357 2582 1149 2582 1296 2582 1296 2583 1149 2583 1150 2583 1299 2584 1297 2584 1357 2584 1357 2585 1297 2585 1149 2585 1299 2586 1147 2586 1297 2586 1301 2587 1298 2587 1299 2587 1299 2588 1298 2588 1147 2588 1300 2589 1145 2589 1301 2589 1301 2590 1145 2590 1298 2590 1300 2591 1303 2591 1145 2591 1302 2592 1304 2592 1300 2592 1300 2593 1304 2593 1303 2593 1360 2594 1143 2594 1302 2594 1302 2595 1143 2595 1304 2595 1360 2596 1305 2596 1143 2596 1306 2597 1140 2597 1360 2597 1360 2598 1140 2598 1305 2598 1363 2599 1308 2599 1306 2599 1306 2600 1308 2600 1140 2600 1363 2601 1307 2601 1308 2601 1364 2602 1136 2602 1363 2602 1363 2603 1136 2603 1307 2603 1364 2604 1135 2604 1136 2604 1309 2605 1133 2605 1364 2605 1364 2606 1133 2606 1135 2606 1311 2607 1134 2607 1309 2607 1309 2608 1134 2608 1133 2608 1310 2609 1313 2609 1311 2609 1311 2610 1313 2610 1134 2610 1458 2611 1312 2611 1310 2611 1310 2612 1312 2612 1313 2612 1458 2613 1286 2613 1312 2613 1220 2614 1314 2614 1315 2614 1314 2615 1344 2615 1315 2615 1314 2616 1316 2616 1344 2616 1316 2617 1346 2617 1344 2617 1316 2618 1317 2618 1346 2618 1317 2619 1347 2619 1346 2619 1317 2620 1318 2620 1347 2620 1282 2621 1319 2621 1318 2621 1318 2622 1319 2622 1347 2622 1281 2623 1349 2623 1282 2623 1282 2624 1349 2624 1319 2624 1279 2625 1320 2625 1281 2625 1277 2626 1320 2626 1279 2626 1281 2627 1320 2627 1349 2627 1321 2628 1352 2628 1277 2628 1277 2629 1352 2629 1320 2629 1275 2630 1323 2630 1321 2630 1322 2631 1323 2631 1275 2631 1321 2632 1323 2632 1352 2632 1273 2633 1325 2633 1322 2633 1322 2634 1325 2634 1323 2634 1273 2635 1324 2635 1325 2635 1270 2636 1324 2636 1273 2636 1327 2637 1324 2637 1270 2637 1328 2638 1326 2638 1327 2638 1327 2639 1326 2639 1324 2639 1328 2640 1355 2640 1326 2640 1329 2641 1355 2641 1328 2641 1329 2642 1263 2642 1355 2642 1264 2643 1330 2643 1263 2643 1263 2644 1330 2644 1355 2644 1261 2645 1331 2645 1264 2645 1264 2646 1331 2646 1330 2646 1261 2647 1332 2647 1331 2647 1260 2648 1358 2648 1332 2648 1332 2649 1358 2649 1331 2649 1334 2650 1333 2650 1260 2650 1260 2651 1333 2651 1358 2651 1259 2652 1359 2652 1334 2652 1258 2653 1359 2653 1259 2653 1334 2654 1359 2654 1333 2654 1336 2655 1338 2655 1258 2655 1258 2656 1338 2656 1359 2656 1335 2657 1361 2657 1336 2657 1337 2658 1361 2658 1335 2658 1336 2659 1361 2659 1338 2659 1255 2660 1362 2660 1337 2660 1337 2661 1362 2661 1361 2661 1254 2662 1339 2662 1255 2662 1252 2663 1339 2663 1254 2663 1255 2664 1339 2664 1362 2664 1250 2665 1365 2665 1252 2665 1252 2666 1365 2666 1339 2666 1341 2667 1343 2667 1250 2667 1340 2668 1343 2668 1341 2668 1250 2669 1343 2669 1365 2669 1342 2670 1366 2670 1340 2670 1340 2671 1366 2671 1343 2671 1248 2672 1457 2672 1342 2672 1342 2673 1457 2673 1366 2673 1315 2674 1344 2674 1287 2674 1344 2675 1345 2675 1287 2675 1344 2676 1346 2676 1345 2676 1346 2677 1288 2677 1345 2677 1346 2678 1347 2678 1288 2678 1347 2679 1348 2679 1288 2679 1347 2680 1319 2680 1348 2680 1319 2681 1289 2681 1348 2681 1319 2682 1349 2682 1289 2682 1349 2683 1350 2683 1289 2683 1349 2684 1320 2684 1350 2684 1320 2685 1351 2685 1350 2685 1320 2686 1352 2686 1351 2686 1352 2687 1353 2687 1351 2687 1352 2688 1323 2688 1353 2688 1323 2689 1291 2689 1353 2689 1323 2690 1325 2690 1291 2690 1325 2691 1292 2691 1291 2691 1325 2692 1324 2692 1292 2692 1324 2693 1354 2693 1292 2693 1324 2694 1326 2694 1354 2694 1326 2695 1356 2695 1354 2695 1326 2696 1355 2696 1356 2696 1355 2697 1296 2697 1356 2697 1355 2698 1330 2698 1296 2698 1330 2699 1357 2699 1296 2699 1330 2700 1331 2700 1357 2700 1331 2701 1299 2701 1357 2701 1331 2702 1358 2702 1299 2702 1358 2703 1301 2703 1299 2703 1358 2704 1333 2704 1301 2704 1333 2705 1300 2705 1301 2705 1333 2706 1359 2706 1300 2706 1359 2707 1302 2707 1300 2707 1359 2708 1338 2708 1302 2708 1338 2709 1360 2709 1302 2709 1338 2710 1361 2710 1360 2710 1361 2711 1306 2711 1360 2711 1361 2712 1362 2712 1306 2712 1362 2713 1363 2713 1306 2713 1362 2714 1339 2714 1363 2714 1339 2715 1364 2715 1363 2715 1339 2716 1365 2716 1364 2716 1365 2717 1309 2717 1364 2717 1365 2718 1343 2718 1309 2718 1343 2719 1311 2719 1309 2719 1343 2720 1366 2720 1311 2720 1366 2721 1310 2721 1311 2721 1366 2722 1457 2722 1310 2722 1457 2723 1458 2723 1310 2723 1515 2724 1367 2724 1368 2724 1542 2725 1368 2725 1456 2725 1542 2726 1515 2726 1368 2726 1541 2727 1456 2727 1454 2727 1541 2728 1542 2728 1456 2728 1539 2729 1454 2729 1369 2729 1539 2730 1541 2730 1454 2730 1538 2731 1369 2731 1370 2731 1538 2732 1539 2732 1369 2732 1371 2733 1538 2733 1370 2733 1534 2734 1538 2734 1371 2734 1450 2735 1534 2735 1371 2735 1535 2736 1450 2736 1449 2736 1535 2737 1534 2737 1450 2737 1533 2738 1535 2738 1449 2738 1533 2739 1449 2739 1372 2739 1374 2740 1533 2740 1372 2740 1374 2741 1372 2741 1448 2741 1446 2742 1374 2742 1448 2742 1373 2743 1374 2743 1446 2743 1443 2744 1373 2744 1446 2744 1532 2745 1373 2745 1443 2745 1532 2746 1443 2746 1376 2746 1375 2747 1532 2747 1376 2747 1375 2748 1376 2748 1442 2748 1530 2749 1442 2749 1439 2749 1530 2750 1375 2750 1442 2750 1379 2751 1439 2751 1377 2751 1379 2752 1530 2752 1439 2752 1378 2753 1377 2753 1437 2753 1378 2754 1379 2754 1377 2754 1382 2755 1437 2755 1380 2755 1382 2756 1378 2756 1437 2756 1383 2757 1382 2757 1380 2757 1381 2758 1382 2758 1383 2758 1436 2759 1381 2759 1383 2759 1384 2760 1436 2760 1385 2760 1384 2761 1381 2761 1436 2761 1527 2762 1385 2762 1386 2762 1527 2763 1384 2763 1385 2763 1388 2764 1386 2764 1434 2764 1388 2765 1527 2765 1386 2765 1387 2766 1434 2766 1433 2766 1387 2767 1388 2767 1434 2767 1389 2768 1433 2768 1390 2768 1389 2769 1387 2769 1433 2769 1392 2770 1390 2770 1430 2770 1392 2771 1389 2771 1390 2771 1391 2772 1430 2772 1431 2772 1391 2773 1392 2773 1430 2773 1393 2774 1431 2774 1428 2774 1393 2775 1391 2775 1431 2775 1429 2776 1393 2776 1428 2776 1522 2777 1393 2777 1429 2777 1426 2778 1522 2778 1429 2778 1395 2779 1522 2779 1426 2779 1394 2780 1395 2780 1426 2780 1396 2781 1395 2781 1394 2781 1425 2782 1396 2782 1394 2782 1518 2783 1396 2783 1425 2783 1517 2784 1425 2784 1397 2784 1517 2785 1518 2785 1425 2785 1398 2786 1397 2786 1399 2786 1398 2787 1517 2787 1397 2787 1422 2788 1398 2788 1399 2788 1422 2789 1399 2789 1248 2789 1401 2790 1284 2790 1458 2790 1458 2791 1284 2791 1286 2791 1400 2792 1285 2792 1401 2792 1401 2793 1285 2793 1284 2793 1402 2794 1283 2794 1400 2794 1400 2795 1283 2795 1285 2795 1403 2796 1404 2796 1402 2796 1402 2797 1404 2797 1283 2797 1406 2798 1405 2798 1403 2798 1403 2799 1405 2799 1404 2799 1406 2800 1280 2800 1405 2800 1406 2801 1407 2801 1280 2801 1407 2802 1278 2802 1280 2802 1408 2803 1409 2803 1407 2803 1407 2804 1409 2804 1278 2804 1464 2805 1274 2805 1408 2805 1408 2806 1274 2806 1409 2806 1464 2807 1276 2807 1274 2807 1464 2808 1410 2808 1276 2808 1410 2809 1271 2809 1276 2809 1410 2810 1272 2810 1271 2810 1466 2811 1272 2811 1410 2811 1466 2812 1269 2812 1272 2812 1411 2813 1269 2813 1466 2813 1411 2814 1267 2814 1269 2814 1411 2815 1468 2815 1267 2815 1468 2816 1268 2816 1267 2816 1470 2817 1265 2817 1468 2817 1468 2818 1265 2818 1268 2818 1412 2819 1266 2819 1470 2819 1470 2820 1266 2820 1265 2820 1412 2821 1262 2821 1266 2821 1412 2822 1414 2822 1262 2822 1414 2823 1413 2823 1262 2823 1472 2824 1416 2824 1414 2824 1414 2825 1416 2825 1413 2825 1471 2826 1415 2826 1472 2826 1472 2827 1415 2827 1416 2827 1471 2828 1257 2828 1415 2828 1471 2829 1473 2829 1257 2829 1473 2830 1256 2830 1257 2830 1474 2831 1417 2831 1473 2831 1473 2832 1417 2832 1256 2832 1475 2833 1418 2833 1474 2833 1474 2834 1418 2834 1417 2834 1475 2835 1253 2835 1418 2835 1476 2836 1420 2836 1475 2836 1475 2837 1420 2837 1253 2837 1419 2838 1251 2838 1476 2838 1476 2839 1251 2839 1420 2839 1478 2840 1421 2840 1419 2840 1419 2841 1421 2841 1251 2841 1481 2842 1249 2842 1478 2842 1478 2843 1249 2843 1421 2843 1482 2844 1423 2844 1481 2844 1481 2845 1423 2845 1249 2845 1482 2846 1422 2846 1423 2846 1248 2847 1399 2847 1457 2847 1399 2848 1424 2848 1457 2848 1399 2849 1397 2849 1424 2849 1397 2850 1459 2850 1424 2850 1397 2851 1425 2851 1459 2851 1425 2852 1460 2852 1459 2852 1425 2853 1394 2853 1460 2853 1426 2854 1427 2854 1394 2854 1394 2855 1427 2855 1460 2855 1429 2856 1461 2856 1426 2856 1426 2857 1461 2857 1427 2857 1428 2858 1462 2858 1429 2858 1431 2859 1462 2859 1428 2859 1429 2860 1462 2860 1461 2860 1430 2861 1463 2861 1431 2861 1431 2862 1463 2862 1462 2862 1390 2863 1432 2863 1430 2863 1433 2864 1432 2864 1390 2864 1430 2865 1432 2865 1463 2865 1434 2866 1435 2866 1433 2866 1433 2867 1435 2867 1432 2867 1434 2868 1465 2868 1435 2868 1386 2869 1465 2869 1434 2869 1385 2870 1465 2870 1386 2870 1436 2871 1467 2871 1385 2871 1385 2872 1467 2872 1465 2872 1436 2873 1438 2873 1467 2873 1383 2874 1438 2874 1436 2874 1380 2875 1438 2875 1383 2875 1437 2876 1469 2876 1380 2876 1380 2877 1469 2877 1438 2877 1377 2878 1440 2878 1437 2878 1439 2879 1440 2879 1377 2879 1437 2880 1440 2880 1469 2880 1442 2881 1441 2881 1439 2881 1439 2882 1441 2882 1440 2882 1376 2883 1444 2883 1442 2883 1442 2884 1444 2884 1441 2884 1376 2885 1443 2885 1444 2885 1446 2886 1445 2886 1443 2886 1443 2887 1445 2887 1444 2887 1448 2888 1447 2888 1446 2888 1446 2889 1447 2889 1445 2889 1448 2890 1372 2890 1447 2890 1449 2891 1452 2891 1372 2891 1372 2892 1452 2892 1447 2892 1450 2893 1451 2893 1449 2893 1449 2894 1451 2894 1452 2894 1450 2895 1371 2895 1451 2895 1370 2896 1453 2896 1371 2896 1371 2897 1453 2897 1451 2897 1369 2898 1455 2898 1370 2898 1370 2899 1455 2899 1453 2899 1454 2900 1477 2900 1369 2900 1456 2901 1477 2901 1454 2901 1369 2902 1477 2902 1455 2902 1368 2903 1479 2903 1456 2903 1456 2904 1479 2904 1477 2904 1367 2905 1480 2905 1368 2905 1368 2906 1480 2906 1479 2906 1457 2907 1424 2907 1458 2907 1424 2908 1401 2908 1458 2908 1424 2909 1459 2909 1401 2909 1459 2910 1400 2910 1401 2910 1459 2911 1460 2911 1400 2911 1460 2912 1402 2912 1400 2912 1460 2913 1427 2913 1402 2913 1427 2914 1403 2914 1402 2914 1427 2915 1461 2915 1403 2915 1461 2916 1406 2916 1403 2916 1461 2917 1462 2917 1406 2917 1462 2918 1407 2918 1406 2918 1462 2919 1463 2919 1407 2919 1463 2920 1408 2920 1407 2920 1463 2921 1432 2921 1408 2921 1432 2922 1464 2922 1408 2922 1432 2923 1435 2923 1464 2923 1435 2924 1410 2924 1464 2924 1435 2925 1465 2925 1410 2925 1465 2926 1466 2926 1410 2926 1465 2927 1467 2927 1466 2927 1467 2928 1411 2928 1466 2928 1467 2929 1438 2929 1411 2929 1438 2930 1468 2930 1411 2930 1438 2931 1469 2931 1468 2931 1469 2932 1470 2932 1468 2932 1469 2933 1440 2933 1470 2933 1440 2934 1412 2934 1470 2934 1440 2935 1441 2935 1412 2935 1441 2936 1414 2936 1412 2936 1441 2937 1444 2937 1414 2937 1444 2938 1472 2938 1414 2938 1444 2939 1445 2939 1472 2939 1445 2940 1471 2940 1472 2940 1445 2941 1447 2941 1471 2941 1447 2942 1473 2942 1471 2942 1447 2943 1452 2943 1473 2943 1452 2944 1474 2944 1473 2944 1452 2945 1451 2945 1474 2945 1451 2946 1475 2946 1474 2946 1451 2947 1453 2947 1475 2947 1453 2948 1476 2948 1475 2948 1453 2949 1455 2949 1476 2949 1455 2950 1419 2950 1476 2950 1455 2951 1477 2951 1419 2951 1477 2952 1478 2952 1419 2952 1477 2953 1479 2953 1478 2953 1479 2954 1481 2954 1478 2954 1479 2955 1480 2955 1481 2955 1480 2956 1482 2956 1481 2956 1483 2957 1665 2957 1484 2957 1664 2958 1484 2958 1485 2958 1664 2959 1483 2959 1484 2959 1486 2960 1485 2960 1487 2960 1486 2961 1664 2961 1485 2961 1488 2962 1487 2962 1566 2962 1488 2963 1486 2963 1487 2963 1490 2964 1566 2964 1489 2964 1490 2965 1488 2965 1566 2965 1660 2966 1489 2966 1492 2966 1660 2967 1490 2967 1489 2967 1659 2968 1492 2968 1491 2968 1659 2969 1660 2969 1492 2969 1657 2970 1491 2970 1563 2970 1657 2971 1659 2971 1491 2971 1562 2972 1657 2972 1563 2972 1658 2973 1657 2973 1562 2973 1561 2974 1658 2974 1562 2974 1493 2975 1658 2975 1561 2975 1493 2976 1561 2976 1559 2976 1655 2977 1493 2977 1559 2977 1655 2978 1559 2978 1494 2978 1495 2979 1655 2979 1494 2979 1495 2980 1494 2980 1557 2980 1496 2981 1557 2981 1558 2981 1496 2982 1495 2982 1557 2982 1497 2983 1558 2983 1555 2983 1497 2984 1496 2984 1558 2984 1653 2985 1555 2985 1554 2985 1653 2986 1497 2986 1555 2986 1652 2987 1554 2987 1552 2987 1652 2988 1653 2988 1554 2988 1498 2989 1552 2989 1553 2989 1498 2990 1652 2990 1552 2990 1551 2991 1498 2991 1553 2991 1651 2992 1498 2992 1551 2992 1499 2993 1651 2993 1551 2993 1500 2994 1499 2994 1501 2994 1500 2995 1651 2995 1499 2995 1502 2996 1501 2996 1503 2996 1502 2997 1500 2997 1501 2997 1649 2998 1503 2998 1550 2998 1649 2999 1502 2999 1503 2999 1505 3000 1550 3000 1549 3000 1505 3001 1649 3001 1550 3001 1648 3002 1549 3002 1504 3002 1648 3003 1505 3003 1549 3003 1644 3004 1504 3004 1548 3004 1644 3005 1648 3005 1504 3005 1645 3006 1548 3006 1547 3006 1645 3007 1644 3007 1548 3007 1507 3008 1547 3008 1506 3008 1507 3009 1645 3009 1547 3009 1546 3010 1507 3010 1506 3010 1508 3011 1507 3011 1546 3011 1509 3012 1508 3012 1546 3012 1510 3013 1508 3013 1509 3013 1511 3014 1510 3014 1509 3014 1642 3015 1510 3015 1511 3015 1512 3016 1642 3016 1511 3016 1641 3017 1642 3017 1512 3017 1513 3018 1512 3018 1514 3018 1513 3019 1641 3019 1512 3019 1639 3020 1514 3020 1516 3020 1639 3021 1513 3021 1514 3021 1515 3022 1516 3022 1367 3022 1515 3023 1639 3023 1516 3023 1571 3024 1398 3024 1482 3024 1482 3025 1398 3025 1422 3025 1572 3026 1517 3026 1571 3026 1571 3027 1517 3027 1398 3027 1573 3028 1518 3028 1572 3028 1572 3029 1518 3029 1517 3029 1520 3030 1396 3030 1573 3030 1573 3031 1396 3031 1518 3031 1519 3032 1395 3032 1520 3032 1520 3033 1395 3033 1396 3033 1519 3034 1522 3034 1395 3034 1519 3035 1521 3035 1522 3035 1521 3036 1393 3036 1522 3036 1523 3037 1391 3037 1521 3037 1521 3038 1391 3038 1393 3038 1524 3039 1392 3039 1523 3039 1523 3040 1392 3040 1391 3040 1524 3041 1389 3041 1392 3041 1524 3042 1525 3042 1389 3042 1525 3043 1387 3043 1389 3043 1525 3044 1388 3044 1387 3044 1526 3045 1388 3045 1525 3045 1526 3046 1527 3046 1388 3046 1582 3047 1527 3047 1526 3047 1582 3048 1384 3048 1527 3048 1582 3049 1528 3049 1384 3049 1528 3050 1381 3050 1384 3050 1529 3051 1382 3051 1528 3051 1528 3052 1382 3052 1381 3052 1584 3053 1378 3053 1529 3053 1529 3054 1378 3054 1382 3054 1584 3055 1379 3055 1378 3055 1585 3056 1530 3056 1584 3056 1584 3057 1530 3057 1379 3057 1531 3058 1375 3058 1585 3058 1585 3059 1375 3059 1530 3059 1589 3060 1532 3060 1531 3060 1531 3061 1532 3061 1375 3061 1590 3062 1373 3062 1589 3062 1589 3063 1373 3063 1532 3063 1590 3064 1374 3064 1373 3064 1593 3065 1533 3065 1590 3065 1590 3066 1533 3066 1374 3066 1592 3067 1535 3067 1593 3067 1593 3068 1535 3068 1533 3068 1536 3069 1534 3069 1592 3069 1592 3070 1534 3070 1535 3070 1537 3071 1538 3071 1536 3071 1536 3072 1538 3072 1534 3072 1594 3073 1539 3073 1537 3073 1537 3074 1539 3074 1538 3074 1540 3075 1541 3075 1594 3075 1594 3076 1541 3076 1539 3076 1638 3077 1542 3077 1540 3077 1540 3078 1542 3078 1541 3078 1638 3079 1515 3079 1542 3079 1367 3080 1516 3080 1480 3080 1516 3081 1570 3081 1480 3081 1516 3082 1514 3082 1570 3082 1514 3083 1543 3083 1570 3083 1514 3084 1512 3084 1543 3084 1512 3085 1544 3085 1543 3085 1512 3086 1511 3086 1544 3086 1509 3087 1574 3087 1511 3087 1511 3088 1574 3088 1544 3088 1546 3089 1545 3089 1509 3089 1509 3090 1545 3090 1574 3090 1506 3091 1575 3091 1546 3091 1547 3092 1575 3092 1506 3092 1546 3093 1575 3093 1545 3093 1548 3094 1576 3094 1547 3094 1547 3095 1576 3095 1575 3095 1504 3096 1577 3096 1548 3096 1549 3097 1577 3097 1504 3097 1548 3098 1577 3098 1576 3098 1550 3099 1578 3099 1549 3099 1549 3100 1578 3100 1577 3100 1550 3101 1579 3101 1578 3101 1503 3102 1579 3102 1550 3102 1501 3103 1579 3103 1503 3103 1499 3104 1580 3104 1501 3104 1501 3105 1580 3105 1579 3105 1499 3106 1581 3106 1580 3106 1551 3107 1581 3107 1499 3107 1553 3108 1581 3108 1551 3108 1552 3109 1583 3109 1553 3109 1553 3110 1583 3110 1581 3110 1554 3111 1556 3111 1552 3111 1555 3112 1556 3112 1554 3112 1552 3113 1556 3113 1583 3113 1558 3114 1586 3114 1555 3114 1555 3115 1586 3115 1556 3115 1557 3116 1587 3116 1558 3116 1558 3117 1587 3117 1586 3117 1557 3118 1494 3118 1587 3118 1559 3119 1560 3119 1494 3119 1494 3120 1560 3120 1587 3120 1561 3121 1588 3121 1559 3121 1559 3122 1588 3122 1560 3122 1561 3123 1562 3123 1588 3123 1563 3124 1591 3124 1562 3124 1562 3125 1591 3125 1588 3125 1491 3126 1564 3126 1563 3126 1563 3127 1564 3127 1591 3127 1491 3128 1492 3128 1564 3128 1489 3129 1565 3129 1492 3129 1492 3130 1565 3130 1564 3130 1566 3131 1567 3131 1489 3131 1489 3132 1567 3132 1565 3132 1487 3133 1569 3133 1566 3133 1485 3134 1569 3134 1487 3134 1566 3135 1569 3135 1567 3135 1484 3136 1568 3136 1485 3136 1485 3137 1568 3137 1569 3137 1665 3138 1666 3138 1484 3138 1484 3139 1666 3139 1568 3139 1480 3140 1570 3140 1482 3140 1570 3141 1571 3141 1482 3141 1570 3142 1543 3142 1571 3142 1543 3143 1572 3143 1571 3143 1543 3144 1544 3144 1572 3144 1544 3145 1573 3145 1572 3145 1544 3146 1574 3146 1573 3146 1574 3147 1520 3147 1573 3147 1574 3148 1545 3148 1520 3148 1545 3149 1519 3149 1520 3149 1545 3150 1575 3150 1519 3150 1575 3151 1521 3151 1519 3151 1575 3152 1576 3152 1521 3152 1576 3153 1523 3153 1521 3153 1576 3154 1577 3154 1523 3154 1577 3155 1524 3155 1523 3155 1577 3156 1578 3156 1524 3156 1578 3157 1525 3157 1524 3157 1578 3158 1579 3158 1525 3158 1579 3159 1526 3159 1525 3159 1579 3160 1580 3160 1526 3160 1580 3161 1582 3161 1526 3161 1580 3162 1581 3162 1582 3162 1581 3163 1528 3163 1582 3163 1581 3164 1583 3164 1528 3164 1583 3165 1529 3165 1528 3165 1583 3166 1556 3166 1529 3166 1556 3167 1584 3167 1529 3167 1556 3168 1586 3168 1584 3168 1586 3169 1585 3169 1584 3169 1586 3170 1587 3170 1585 3170 1587 3171 1531 3171 1585 3171 1587 3172 1560 3172 1531 3172 1560 3173 1589 3173 1531 3173 1560 3174 1588 3174 1589 3174 1588 3175 1590 3175 1589 3175 1588 3176 1591 3176 1590 3176 1591 3177 1593 3177 1590 3177 1591 3178 1564 3178 1593 3178 1564 3179 1592 3179 1593 3179 1564 3180 1565 3180 1592 3180 1565 3181 1536 3181 1592 3181 1565 3182 1567 3182 1536 3182 1567 3183 1537 3183 1536 3183 1567 3184 1569 3184 1537 3184 1569 3185 1594 3185 1537 3185 1569 3186 1568 3186 1594 3186 1568 3187 1540 3187 1594 3187 1568 3188 1666 3188 1540 3188 1666 3189 1638 3189 1540 3189 1797 3190 1595 3190 1596 3190 1797 3191 1909 3191 1595 3191 1795 3192 1596 3192 1699 3192 1795 3193 1797 3193 1596 3193 1597 3194 1699 3194 1598 3194 1597 3195 1795 3195 1699 3195 1793 3196 1598 3196 1697 3196 1793 3197 1597 3197 1598 3197 1791 3198 1697 3198 1695 3198 1791 3199 1793 3199 1697 3199 1599 3200 1791 3200 1695 3200 1599 3201 1695 3201 1600 3201 1601 3202 1599 3202 1600 3202 1601 3203 1600 3203 1602 3203 1603 3204 1601 3204 1602 3204 1603 3205 1602 3205 1605 3205 1604 3206 1603 3206 1605 3206 1604 3207 1605 3207 1693 3207 1606 3208 1604 3208 1693 3208 1606 3209 1693 3209 1689 3209 1607 3210 1606 3210 1689 3210 1607 3211 1689 3211 1608 3211 1609 3212 1608 3212 1610 3212 1609 3213 1607 3213 1608 3213 1611 3214 1610 3214 1613 3214 1611 3215 1609 3215 1610 3215 1612 3216 1613 3216 1687 3216 1612 3217 1611 3217 1613 3217 1615 3218 1612 3218 1687 3218 1616 3219 1615 3219 1687 3219 1614 3220 1615 3220 1616 3220 1684 3221 1614 3221 1616 3221 1788 3222 1614 3222 1684 3222 1617 3223 1684 3223 1683 3223 1617 3224 1788 3224 1684 3224 1619 3225 1683 3225 1618 3225 1619 3226 1617 3226 1683 3226 1620 3227 1619 3227 1618 3227 1785 3228 1620 3228 1621 3228 1785 3229 1619 3229 1620 3229 1623 3230 1621 3230 1682 3230 1623 3231 1785 3231 1621 3231 1783 3232 1682 3232 1622 3232 1783 3233 1623 3233 1682 3233 1779 3234 1622 3234 1681 3234 1779 3235 1783 3235 1622 3235 1781 3236 1681 3236 1624 3236 1781 3237 1779 3237 1681 3237 1625 3238 1781 3238 1624 3238 1777 3239 1625 3239 1678 3239 1777 3240 1781 3240 1625 3240 1778 3241 1678 3241 1677 3241 1778 3242 1777 3242 1678 3242 1626 3243 1677 3243 1628 3243 1626 3244 1778 3244 1677 3244 1631 3245 1628 3245 1627 3245 1631 3246 1626 3246 1628 3246 1630 3247 1627 3247 1629 3247 1630 3248 1631 3248 1627 3248 1632 3249 1630 3249 1629 3249 1775 3250 1630 3250 1632 3250 1633 3251 1775 3251 1632 3251 1634 3252 1775 3252 1633 3252 1672 3253 1634 3253 1633 3253 1635 3254 1634 3254 1672 3254 1670 3255 1635 3255 1672 3255 1773 3256 1635 3256 1670 3256 1636 3257 1670 3257 1669 3257 1636 3258 1773 3258 1670 3258 1637 3259 1669 3259 1667 3259 1637 3260 1636 3260 1669 3260 1483 3261 1667 3261 1665 3261 1483 3262 1637 3262 1667 3262 1701 3263 1639 3263 1638 3263 1638 3264 1639 3264 1515 3264 1640 3265 1513 3265 1701 3265 1701 3266 1513 3266 1639 3266 1703 3267 1641 3267 1640 3267 1640 3268 1641 3268 1513 3268 1702 3269 1642 3269 1703 3269 1703 3270 1642 3270 1641 3270 1704 3271 1510 3271 1702 3271 1702 3272 1510 3272 1642 3272 1704 3273 1508 3273 1510 3273 1704 3274 1643 3274 1508 3274 1643 3275 1507 3275 1508 3275 1706 3276 1645 3276 1643 3276 1643 3277 1645 3277 1507 3277 1646 3278 1644 3278 1706 3278 1706 3279 1644 3279 1645 3279 1646 3280 1648 3280 1644 3280 1646 3281 1647 3281 1648 3281 1647 3282 1505 3282 1648 3282 1647 3283 1649 3283 1505 3283 1650 3284 1649 3284 1647 3284 1650 3285 1502 3285 1649 3285 1709 3286 1502 3286 1650 3286 1709 3287 1500 3287 1502 3287 1709 3288 1708 3288 1500 3288 1708 3289 1651 3289 1500 3289 1712 3290 1498 3290 1708 3290 1708 3291 1498 3291 1651 3291 1713 3292 1652 3292 1712 3292 1712 3293 1652 3293 1498 3293 1713 3294 1653 3294 1652 3294 1713 3295 1714 3295 1653 3295 1714 3296 1497 3296 1653 3296 1715 3297 1496 3297 1714 3297 1714 3298 1496 3298 1497 3298 1654 3299 1495 3299 1715 3299 1715 3300 1495 3300 1496 3300 1654 3301 1655 3301 1495 3301 1654 3302 1717 3302 1655 3302 1717 3303 1493 3303 1655 3303 1716 3304 1658 3304 1717 3304 1717 3305 1658 3305 1493 3305 1656 3306 1657 3306 1716 3306 1716 3307 1657 3307 1658 3307 1656 3308 1659 3308 1657 3308 1661 3309 1660 3309 1656 3309 1656 3310 1660 3310 1659 3310 1719 3311 1490 3311 1661 3311 1661 3312 1490 3312 1660 3312 1663 3313 1488 3313 1719 3313 1719 3314 1488 3314 1490 3314 1662 3315 1486 3315 1663 3315 1663 3316 1486 3316 1488 3316 1835 3317 1664 3317 1662 3317 1662 3318 1664 3318 1486 3318 1835 3319 1483 3319 1664 3319 1665 3320 1667 3320 1666 3320 1667 3321 1700 3321 1666 3321 1667 3322 1669 3322 1700 3322 1669 3323 1668 3323 1700 3323 1669 3324 1670 3324 1668 3324 1670 3325 1671 3325 1668 3325 1670 3326 1672 3326 1671 3326 1633 3327 1673 3327 1672 3327 1672 3328 1673 3328 1671 3328 1632 3329 1674 3329 1633 3329 1633 3330 1674 3330 1673 3330 1629 3331 1675 3331 1632 3331 1627 3332 1675 3332 1629 3332 1632 3333 1675 3333 1674 3333 1628 3334 1676 3334 1627 3334 1627 3335 1676 3335 1675 3335 1628 3336 1705 3336 1676 3336 1677 3337 1705 3337 1628 3337 1678 3338 1705 3338 1677 3338 1678 3339 1707 3339 1705 3339 1625 3340 1707 3340 1678 3340 1624 3341 1707 3341 1625 3341 1624 3342 1679 3342 1707 3342 1681 3343 1679 3343 1624 3343 1681 3344 1680 3344 1679 3344 1622 3345 1680 3345 1681 3345 1682 3346 1680 3346 1622 3346 1621 3347 1710 3347 1682 3347 1682 3348 1710 3348 1680 3348 1620 3349 1711 3349 1621 3349 1618 3350 1711 3350 1620 3350 1621 3351 1711 3351 1710 3351 1683 3352 1685 3352 1618 3352 1684 3353 1685 3353 1683 3353 1618 3354 1685 3354 1711 3354 1616 3355 1686 3355 1684 3355 1684 3356 1686 3356 1685 3356 1687 3357 1688 3357 1616 3357 1613 3358 1688 3358 1687 3358 1616 3359 1688 3359 1686 3359 1610 3360 1691 3360 1613 3360 1613 3361 1691 3361 1688 3361 1608 3362 1690 3362 1610 3362 1689 3363 1690 3363 1608 3363 1610 3364 1690 3364 1691 3364 1693 3365 1692 3365 1689 3365 1605 3366 1692 3366 1693 3366 1689 3367 1692 3367 1690 3367 1602 3368 1694 3368 1605 3368 1605 3369 1694 3369 1692 3369 1600 3370 1718 3370 1602 3370 1695 3371 1718 3371 1600 3371 1602 3372 1718 3372 1694 3372 1697 3373 1698 3373 1695 3373 1695 3374 1698 3374 1718 3374 1598 3375 1696 3375 1697 3375 1699 3376 1696 3376 1598 3376 1697 3377 1696 3377 1698 3377 1596 3378 1720 3378 1699 3378 1699 3379 1720 3379 1696 3379 1595 3380 1799 3380 1596 3380 1596 3381 1799 3381 1720 3381 1666 3382 1700 3382 1638 3382 1700 3383 1701 3383 1638 3383 1700 3384 1668 3384 1701 3384 1668 3385 1640 3385 1701 3385 1668 3386 1671 3386 1640 3386 1671 3387 1703 3387 1640 3387 1671 3388 1673 3388 1703 3388 1673 3389 1702 3389 1703 3389 1673 3390 1674 3390 1702 3390 1674 3391 1704 3391 1702 3391 1674 3392 1675 3392 1704 3392 1675 3393 1643 3393 1704 3393 1675 3394 1676 3394 1643 3394 1676 3395 1706 3395 1643 3395 1676 3396 1705 3396 1706 3396 1705 3397 1646 3397 1706 3397 1705 3398 1707 3398 1646 3398 1707 3399 1647 3399 1646 3399 1707 3400 1679 3400 1647 3400 1679 3401 1650 3401 1647 3401 1679 3402 1680 3402 1650 3402 1680 3403 1709 3403 1650 3403 1680 3404 1710 3404 1709 3404 1710 3405 1708 3405 1709 3405 1710 3406 1711 3406 1708 3406 1711 3407 1712 3407 1708 3407 1711 3408 1685 3408 1712 3408 1685 3409 1713 3409 1712 3409 1685 3410 1686 3410 1713 3410 1686 3411 1714 3411 1713 3411 1686 3412 1688 3412 1714 3412 1688 3413 1715 3413 1714 3413 1688 3414 1691 3414 1715 3414 1691 3415 1654 3415 1715 3415 1691 3416 1690 3416 1654 3416 1690 3417 1717 3417 1654 3417 1690 3418 1692 3418 1717 3418 1692 3419 1716 3419 1717 3419 1692 3420 1694 3420 1716 3420 1694 3421 1656 3421 1716 3421 1694 3422 1718 3422 1656 3422 1718 3423 1661 3423 1656 3423 1718 3424 1698 3424 1661 3424 1698 3425 1719 3425 1661 3425 1698 3426 1696 3426 1719 3426 1696 3427 1663 3427 1719 3427 1696 3428 1720 3428 1663 3428 1720 3429 1662 3429 1663 3429 1720 3430 1799 3430 1662 3430 1799 3431 1835 3431 1662 3431 1853 3432 1888 3432 1831 3432 1721 3433 1853 3433 1831 3433 1721 3434 1722 3434 1723 3434 1721 3435 1831 3435 1722 3435 1725 3436 1721 3436 1723 3436 1725 3437 1723 3437 1724 3437 1726 3438 1725 3438 1724 3438 1726 3439 1830 3439 1829 3439 1726 3440 1724 3440 1830 3440 1856 3441 1726 3441 1829 3441 1856 3442 1829 3442 1727 3442 1728 3443 1856 3443 1727 3443 1728 3444 1828 3444 1824 3444 1728 3445 1727 3445 1828 3445 1729 3446 1728 3446 1824 3446 1729 3447 1824 3447 1730 3447 1732 3448 1729 3448 1730 3448 1732 3449 1731 3449 1823 3449 1732 3450 1730 3450 1731 3450 1733 3451 1732 3451 1823 3451 1733 3452 1823 3452 1734 3452 1924 3453 1733 3453 1734 3453 1924 3454 1734 3454 1735 3454 1736 3455 1924 3455 1735 3455 1736 3456 1735 3456 1819 3456 1923 3457 1736 3457 1819 3457 1923 3458 1819 3458 1818 3458 1907 3459 1733 3459 1924 3459 1864 3460 1733 3460 1907 3460 1906 3461 1864 3461 1907 3461 1922 3462 1818 3462 1739 3462 1922 3463 1923 3463 1818 3463 1737 3464 1906 3464 1905 3464 1737 3465 1864 3465 1906 3465 1738 3466 1739 3466 1741 3466 1738 3467 1922 3467 1739 3467 1902 3468 1737 3468 1905 3468 1740 3469 1741 3469 1816 3469 1740 3470 1738 3470 1741 3470 1742 3471 1737 3471 1902 3471 1901 3472 1742 3472 1902 3472 1745 3473 1816 3473 1743 3473 1745 3474 1740 3474 1816 3474 1746 3475 1901 3475 1744 3475 1746 3476 1742 3476 1901 3476 1919 3477 1743 3477 1812 3477 1919 3478 1745 3478 1743 3478 1900 3479 1746 3479 1744 3479 1747 3480 1812 3480 1748 3480 1747 3481 1919 3481 1812 3481 1749 3482 1746 3482 1900 3482 1752 3483 1749 3483 1900 3483 1750 3484 1747 3484 1748 3484 1750 3485 1748 3485 1811 3485 1751 3486 1750 3486 1811 3486 1869 3487 1749 3487 1752 3487 1869 3488 1752 3488 1753 3488 1917 3489 1750 3489 1751 3489 1755 3490 1869 3490 1753 3490 1754 3491 1917 3491 1751 3491 1871 3492 1869 3492 1755 3492 1918 3493 1917 3493 1754 3493 1808 3494 1918 3494 1754 3494 1898 3495 1871 3495 1755 3495 1914 3496 1918 3496 1808 3496 1914 3497 1808 3497 1757 3497 1756 3498 1898 3498 1896 3498 1756 3499 1871 3499 1898 3499 1759 3500 1914 3500 1757 3500 1759 3501 1757 3501 1760 3501 1876 3502 1896 3502 1895 3502 1876 3503 1756 3503 1896 3503 1758 3504 1759 3504 1760 3504 1758 3505 1760 3505 1805 3505 1762 3506 1876 3506 1895 3506 1761 3507 1758 3507 1805 3507 1806 3508 1761 3508 1805 3508 1875 3509 1762 3509 1894 3509 1875 3510 1876 3510 1762 3510 1913 3511 1806 3511 1803 3511 1913 3512 1761 3512 1806 3512 1763 3513 1894 3513 1892 3513 1763 3514 1875 3514 1894 3514 1764 3515 1803 3515 1767 3515 1764 3516 1913 3516 1803 3516 1765 3517 1892 3517 1891 3517 1765 3518 1763 3518 1892 3518 1766 3519 1767 3519 1800 3519 1766 3520 1764 3520 1767 3520 1881 3521 1891 3521 1768 3521 1881 3522 1765 3522 1891 3522 1769 3523 1800 3523 1798 3523 1769 3524 1766 3524 1800 3524 1882 3525 1768 3525 1889 3525 1882 3526 1881 3526 1768 3526 1909 3527 1798 3527 1595 3527 1909 3528 1769 3528 1798 3528 1883 3529 1889 3529 1770 3529 1883 3530 1882 3530 1889 3530 1853 3531 1770 3531 1888 3531 1853 3532 1883 3532 1770 3532 1771 3533 1637 3533 1835 3533 1835 3534 1637 3534 1483 3534 1772 3535 1636 3535 1771 3535 1771 3536 1636 3536 1637 3536 1837 3537 1773 3537 1772 3537 1772 3538 1773 3538 1636 3538 1774 3539 1635 3539 1837 3539 1837 3540 1635 3540 1773 3540 1838 3541 1634 3541 1774 3541 1774 3542 1634 3542 1635 3542 1838 3543 1775 3543 1634 3543 1838 3544 1840 3544 1775 3544 1840 3545 1630 3545 1775 3545 1841 3546 1631 3546 1840 3546 1840 3547 1631 3547 1630 3547 1842 3548 1626 3548 1841 3548 1841 3549 1626 3549 1631 3549 1842 3550 1778 3550 1626 3550 1842 3551 1776 3551 1778 3551 1776 3552 1777 3552 1778 3552 1776 3553 1781 3553 1777 3553 1780 3554 1781 3554 1776 3554 1782 3555 1779 3555 1780 3555 1780 3556 1779 3556 1781 3556 1782 3557 1783 3557 1779 3557 1782 3558 1784 3558 1783 3558 1784 3559 1623 3559 1783 3559 1844 3560 1785 3560 1784 3560 1784 3561 1785 3561 1623 3561 1845 3562 1619 3562 1844 3562 1844 3563 1619 3563 1785 3563 1845 3564 1617 3564 1619 3564 1786 3565 1788 3565 1845 3565 1845 3566 1788 3566 1617 3566 1787 3567 1614 3567 1786 3567 1786 3568 1614 3568 1788 3568 1787 3569 1615 3569 1614 3569 1789 3570 1612 3570 1787 3570 1787 3571 1612 3571 1615 3571 1789 3572 1611 3572 1612 3572 1790 3573 1609 3573 1789 3573 1789 3574 1609 3574 1611 3574 1790 3575 1607 3575 1609 3575 1847 3576 1606 3576 1790 3576 1790 3577 1606 3577 1607 3577 1848 3578 1604 3578 1847 3578 1847 3579 1604 3579 1606 3579 1848 3580 1603 3580 1604 3580 1851 3581 1601 3581 1848 3581 1848 3582 1601 3582 1603 3582 1851 3583 1599 3583 1601 3583 1792 3584 1791 3584 1851 3584 1851 3585 1791 3585 1599 3585 1794 3586 1793 3586 1792 3586 1792 3587 1793 3587 1791 3587 1794 3588 1597 3588 1793 3588 1852 3589 1795 3589 1794 3589 1794 3590 1795 3590 1597 3590 1796 3591 1797 3591 1852 3591 1852 3592 1797 3592 1795 3592 1796 3593 1909 3593 1797 3593 1595 3594 1798 3594 1799 3594 1798 3595 1801 3595 1799 3595 1798 3596 1800 3596 1801 3596 1800 3597 1836 3597 1801 3597 1800 3598 1767 3598 1836 3598 1767 3599 1802 3599 1836 3599 1767 3600 1803 3600 1802 3600 1806 3601 1804 3601 1803 3601 1803 3602 1804 3602 1802 3602 1805 3603 1807 3603 1806 3603 1806 3604 1807 3604 1804 3604 1760 3605 1839 3605 1805 3605 1757 3606 1839 3606 1760 3606 1805 3607 1839 3607 1807 3607 1808 3608 1809 3608 1757 3608 1757 3609 1809 3609 1839 3609 1754 3610 1810 3610 1808 3610 1751 3611 1810 3611 1754 3611 1808 3612 1810 3612 1809 3612 1811 3613 1843 3613 1751 3613 1751 3614 1843 3614 1810 3614 1811 3615 1814 3615 1843 3615 1748 3616 1814 3616 1811 3616 1812 3617 1814 3617 1748 3617 1743 3618 1813 3618 1812 3618 1812 3619 1813 3619 1814 3619 1743 3620 1815 3620 1813 3620 1816 3621 1815 3621 1743 3621 1741 3622 1815 3622 1816 3622 1739 3623 1817 3623 1741 3623 1741 3624 1817 3624 1815 3624 1818 3625 1821 3625 1739 3625 1819 3626 1821 3626 1818 3626 1739 3627 1821 3627 1817 3627 1735 3628 1820 3628 1819 3628 1819 3629 1820 3629 1821 3629 1734 3630 1822 3630 1735 3630 1823 3631 1822 3631 1734 3631 1735 3632 1822 3632 1820 3632 1731 3633 1825 3633 1823 3633 1823 3634 1825 3634 1822 3634 1730 3635 1826 3635 1731 3635 1824 3636 1826 3636 1730 3636 1731 3637 1826 3637 1825 3637 1828 3638 1846 3638 1824 3638 1824 3639 1846 3639 1826 3639 1727 3640 1827 3640 1828 3640 1829 3641 1827 3641 1727 3641 1828 3642 1827 3642 1846 3642 1830 3643 1849 3643 1829 3643 1829 3644 1849 3644 1827 3644 1724 3645 1850 3645 1830 3645 1723 3646 1850 3646 1724 3646 1830 3647 1850 3647 1849 3647 1722 3648 1833 3648 1723 3648 1723 3649 1833 3649 1850 3649 1831 3650 1832 3650 1722 3650 1722 3651 1832 3651 1833 3651 1888 3652 1834 3652 1831 3652 1831 3653 1834 3653 1832 3653 1799 3654 1801 3654 1835 3654 1801 3655 1771 3655 1835 3655 1801 3656 1836 3656 1771 3656 1836 3657 1772 3657 1771 3657 1836 3658 1802 3658 1772 3658 1802 3659 1837 3659 1772 3659 1802 3660 1804 3660 1837 3660 1804 3661 1774 3661 1837 3661 1804 3662 1807 3662 1774 3662 1807 3663 1838 3663 1774 3663 1807 3664 1839 3664 1838 3664 1839 3665 1840 3665 1838 3665 1839 3666 1809 3666 1840 3666 1809 3667 1841 3667 1840 3667 1809 3668 1810 3668 1841 3668 1810 3669 1842 3669 1841 3669 1810 3670 1843 3670 1842 3670 1843 3671 1776 3671 1842 3671 1843 3672 1814 3672 1776 3672 1814 3673 1780 3673 1776 3673 1814 3674 1813 3674 1780 3674 1813 3675 1782 3675 1780 3675 1813 3676 1815 3676 1782 3676 1815 3677 1784 3677 1782 3677 1815 3678 1817 3678 1784 3678 1817 3679 1844 3679 1784 3679 1817 3680 1821 3680 1844 3680 1821 3681 1845 3681 1844 3681 1821 3682 1820 3682 1845 3682 1820 3683 1786 3683 1845 3683 1820 3684 1822 3684 1786 3684 1822 3685 1787 3685 1786 3685 1822 3686 1825 3686 1787 3686 1825 3687 1789 3687 1787 3687 1825 3688 1826 3688 1789 3688 1826 3689 1790 3689 1789 3689 1826 3690 1846 3690 1790 3690 1846 3691 1847 3691 1790 3691 1846 3692 1827 3692 1847 3692 1827 3693 1848 3693 1847 3693 1827 3694 1849 3694 1848 3694 1849 3695 1851 3695 1848 3695 1849 3696 1850 3696 1851 3696 1850 3697 1792 3697 1851 3697 1850 3698 1833 3698 1792 3698 1833 3699 1794 3699 1792 3699 1833 3700 1832 3700 1794 3700 1832 3701 1852 3701 1794 3701 1832 3702 1834 3702 1852 3702 1834 3703 1796 3703 1852 3703 1854 3704 1853 3704 1721 3704 1854 3705 1883 3705 1853 3705 1861 3706 1721 3706 1725 3706 1861 3707 1725 3707 1726 3707 1861 3708 1854 3708 1721 3708 1855 3709 1726 3709 1856 3709 1855 3710 1856 3710 1728 3710 1855 3711 1861 3711 1726 3711 1858 3712 1857 3712 1854 3712 1858 3713 1860 3713 1857 3713 1858 3714 1854 3714 1861 3714 1859 3715 1728 3715 1729 3715 1859 3716 1729 3716 1732 3716 1859 3717 1855 3717 1728 3717 1863 3718 1860 3718 1858 3718 1863 3719 1858 3719 1861 3719 1863 3720 1855 3720 1859 3720 1863 3721 1861 3721 1855 3721 1866 3722 1732 3722 1733 3722 1866 3723 1733 3723 1864 3723 1866 3724 1859 3724 1732 3724 1862 3725 1860 3725 1863 3725 1862 3726 1863 3726 1859 3726 1867 3727 1864 3727 1737 3727 1867 3728 1737 3728 1742 3728 1867 3729 1866 3729 1864 3729 1868 3730 1860 3730 1862 3730 1868 3731 1859 3731 1866 3731 1868 3732 1862 3732 1859 3732 1870 3733 1742 3733 1746 3733 1870 3734 1746 3734 1749 3734 1870 3735 1867 3735 1742 3735 1865 3736 1866 3736 1867 3736 1865 3737 1868 3737 1866 3737 1865 3738 1860 3738 1868 3738 1879 3739 1749 3739 1869 3739 1879 3740 1869 3740 1871 3740 1879 3741 1870 3741 1749 3741 1872 3742 1860 3742 1865 3742 1872 3743 1867 3743 1870 3743 1872 3744 1870 3744 1879 3744 1872 3745 1865 3745 1867 3745 1877 3746 1871 3746 1756 3746 1877 3747 1756 3747 1876 3747 1877 3748 1879 3748 1871 3748 1873 3749 1872 3749 1879 3749 1873 3750 1860 3750 1872 3750 1874 3751 1876 3751 1875 3751 1874 3752 1875 3752 1763 3752 1874 3753 1877 3753 1876 3753 1878 3754 1879 3754 1877 3754 1878 3755 1860 3755 1873 3755 1878 3756 1873 3756 1879 3756 1885 3757 1763 3757 1765 3757 1885 3758 1765 3758 1881 3758 1885 3759 1874 3759 1763 3759 1880 3760 1874 3760 1885 3760 1880 3761 1877 3761 1874 3761 1880 3762 1878 3762 1877 3762 1880 3763 1860 3763 1878 3763 1884 3764 1885 3764 1881 3764 1884 3765 1881 3765 1882 3765 1884 3766 1882 3766 1883 3766 1884 3767 1883 3767 1854 3767 1886 3768 1880 3768 1885 3768 1886 3769 1860 3769 1880 3769 1887 3770 1886 3770 1885 3770 1887 3771 1884 3771 1854 3771 1887 3772 1860 3772 1886 3772 1887 3773 1854 3773 1857 3773 1887 3774 1857 3774 1860 3774 1887 3775 1885 3775 1884 3775 1888 3776 1770 3776 1834 3776 1770 3777 1890 3777 1834 3777 1770 3778 1889 3778 1890 3778 1889 3779 1925 3779 1890 3779 1889 3780 1768 3780 1925 3780 1768 3781 1926 3781 1925 3781 1768 3782 1891 3782 1926 3782 1891 3783 1927 3783 1926 3783 1891 3784 1892 3784 1927 3784 1894 3785 1893 3785 1892 3785 1892 3786 1893 3786 1927 3786 1762 3787 1929 3787 1894 3787 1894 3788 1929 3788 1893 3788 1895 3789 1897 3789 1762 3789 1762 3790 1897 3790 1929 3790 1896 3791 1931 3791 1895 3791 1898 3792 1931 3792 1896 3792 1895 3793 1931 3793 1897 3793 1755 3794 1932 3794 1898 3794 1898 3795 1932 3795 1931 3795 1753 3796 1899 3796 1755 3796 1755 3797 1899 3797 1932 3797 1752 3798 1934 3798 1753 3798 1900 3799 1934 3799 1752 3799 1753 3800 1934 3800 1899 3800 1744 3801 1935 3801 1900 3801 1900 3802 1935 3802 1934 3802 1901 3803 1937 3803 1744 3803 1902 3804 1937 3804 1901 3804 1744 3805 1937 3805 1935 3805 1902 3806 1904 3806 1937 3806 1905 3807 1904 3807 1902 3807 1905 3808 1903 3808 1904 3808 1906 3809 1903 3809 1905 3809 1906 3810 1940 3810 1903 3810 1907 3811 1940 3811 1906 3811 1924 3812 1942 3812 1907 3812 1907 3813 1942 3813 1940 3813 1908 3814 1769 3814 1796 3814 1796 3815 1769 3815 1909 3815 1910 3816 1766 3816 1908 3816 1908 3817 1766 3817 1769 3817 1911 3818 1764 3818 1910 3818 1910 3819 1764 3819 1766 3819 1928 3820 1913 3820 1911 3820 1911 3821 1913 3821 1764 3821 1912 3822 1761 3822 1928 3822 1928 3823 1761 3823 1913 3823 1930 3824 1758 3824 1912 3824 1912 3825 1758 3825 1761 3825 1916 3826 1759 3826 1930 3826 1930 3827 1759 3827 1758 3827 1916 3828 1914 3828 1759 3828 1915 3829 1918 3829 1916 3829 1916 3830 1918 3830 1914 3830 1933 3831 1917 3831 1915 3831 1915 3832 1917 3832 1918 3832 1920 3833 1750 3833 1933 3833 1933 3834 1750 3834 1917 3834 1920 3835 1747 3835 1750 3835 1921 3836 1919 3836 1920 3836 1920 3837 1919 3837 1747 3837 1936 3838 1745 3838 1921 3838 1921 3839 1745 3839 1919 3839 1938 3840 1740 3840 1936 3840 1936 3841 1740 3841 1745 3841 1938 3842 1738 3842 1740 3842 1938 3843 1922 3843 1738 3843 1939 3844 1922 3844 1938 3844 1939 3845 1923 3845 1922 3845 1941 3846 1923 3846 1939 3846 1941 3847 1736 3847 1923 3847 1942 3848 1736 3848 1941 3848 1942 3849 1924 3849 1736 3849 1834 3850 1890 3850 1796 3850 1890 3851 1908 3851 1796 3851 1890 3852 1925 3852 1908 3852 1925 3853 1910 3853 1908 3853 1925 3854 1926 3854 1910 3854 1926 3855 1911 3855 1910 3855 1926 3856 1927 3856 1911 3856 1927 3857 1928 3857 1911 3857 1927 3858 1893 3858 1928 3858 1893 3859 1912 3859 1928 3859 1893 3860 1929 3860 1912 3860 1929 3861 1930 3861 1912 3861 1929 3862 1897 3862 1930 3862 1897 3863 1916 3863 1930 3863 1897 3864 1931 3864 1916 3864 1931 3865 1915 3865 1916 3865 1931 3866 1932 3866 1915 3866 1932 3867 1933 3867 1915 3867 1932 3868 1899 3868 1933 3868 1899 3869 1920 3869 1933 3869 1899 3870 1934 3870 1920 3870 1934 3871 1921 3871 1920 3871 1934 3872 1935 3872 1921 3872 1935 3873 1936 3873 1921 3873 1935 3874 1937 3874 1936 3874 1937 3875 1938 3875 1936 3875 1937 3876 1904 3876 1938 3876 1904 3877 1939 3877 1938 3877 1904 3878 1903 3878 1939 3878 1903 3879 1941 3879 1939 3879 1903 3880 1940 3880 1941 3880 1940 3881 1942 3881 1941 3881</p>
                </triangles>
            </mesh>
        </geometry>
    </library_geometries>
    <library_visual_scenes>
        <visual_scene id="VisualSceneNode" name="VisualScene">
            <node id="node" name="node">
                <instance_geometry url="#shape0-lib">
                    <bind_material>
                        <technique_common/>
                    </bind_material>
                </instance_geometry>
            </node>
        </visual_scene>
    </library_visual_scenes>
    <scene>
        <instance_visual_scene url="#VisualSceneNode"/>
    </scene>
</COLLADA>
